record_id,system_name,system_type,state_or_region,latitude,longitude,coordinate_status,ecological_region,annual_rainfall_mm_est,soil_type,water_harvesting_principle,cultural_environmental_reason,primary_purpose,advantages,current_condition,maintenance_model,revival_efforts,government_initiatives,groundwater_recharge_potential,water_storage_type,community_management,climate_resilience_score,sustainability_score,data_source_type,contributor,image_url,contextual_details,source_reference,cluster,cluster_name
IWMS001,Stepwell,Stepwell,Rajasthan,26.28346,72.886,Representative regional coordinate - VERIFY before publication,Semi-arid,590,Sandy/loamy,Groundwater access via deep stepped masonry; rainwater infiltration/storage,"community water supply, shade, social/religious use",Drinking water / community use,water access; passive cooling; durable structure,Partially functional,Local body/department,"Documented restoration, desilting, repair, community revival or heritage conservation; site-specific action must be verified.","Potentially linked to state/local water conservation, watershed, irrigation, rural water-supply or heritage programmes; verify scheme for each site.",Low,Integrated,High,78.6,58.6,Curated prototype / regional documentation,Prototype dataset - verify against primary source,https://commons.wikimedia.org/,"Starter/prototype record. Exact structure name, coordinates, condition, initiative and image should be verified from a primary source before academic publication.",India Water Portal traditional water-harvesting documentation; India Water Heritage Map; primary local/heritage records recommended for verification.,0,Cluster 0 - Low Rainfall
IWMS002,Johad,Johad,Rajasthan,26.13763,72.90249,Representative regional coordinate - VERIFY before publication,Arid/Semi-arid,519,Sandy/loamy,Earthen check dam captures monsoon runoff and promotes aquifer recharge,seasonal rainfall; livestock; agriculture; community water security,Groundwater recharge / livestock / agriculture,low cost; recharge; soil moisture; drought resilience,Functional,Local body/department,"Documented restoration, desilting, repair, community revival or heritage conservation; site-specific action must be verified.","Potentially linked to state/local water conservation, watershed, irrigation, rural water-supply or heritage programmes; verify scheme for each site.",High,Integrated,Unknown,63.8,86.3,Curated prototype / regional documentation,Prototype dataset - verify against primary source,https://commons.wikimedia.org/,"Starter/prototype record. Exact structure name, coordinates, condition, initiative and image should be verified from a primary source before academic publication.",India Water Portal traditional water-harvesting documentation; India Water Heritage Map; primary local/heritage records recommended for verification.,0,Cluster 0 - Low Rainfall
IWMS003,Khadin,Khadin,Rajasthan,26.27142,73.07426,Representative regional coordinate - VERIFY before publication,Arid,251,Sandy/loamy,Earthen bund retains runoff on agricultural land and conserves soil moisture,very low rainfall; dryland farming,Dryland agriculture,runoff harvesting; crop moisture; no pumping required,Unknown,Heritage/site management,"Documented restoration, desilting, repair, community revival or heritage conservation; site-specific action must be verified.","Potentially linked to state/local water conservation, watershed, irrigation, rural water-supply or heritage programmes; verify scheme for each site.",Low,Groundwater-linked,Low,59.1,49.6,Curated prototype / regional documentation,Prototype dataset - verify against primary source,https://commons.wikimedia.org/,"Starter/prototype record. Exact structure name, coordinates, condition, initiative and image should be verified from a primary source before academic publication.",India Water Portal traditional water-harvesting documentation; India Water Heritage Map; primary local/heritage records recommended for verification.,0,Cluster 0 - Low Rainfall
IWMS004,Tanka,Tanka,Rajasthan,26.22118,72.96616,Representative regional coordinate - VERIFY before publication,Arid,338,Sandy/loamy,Roof/courtyard runoff stored in underground tank,scarce rainfall; potable-water security,Drinking water / household storage,low evaporation; household storage; dry-season supply,Needs restoration,Community-managed,"Documented restoration, desilting, repair, community revival or heritage conservation; site-specific action must be verified.","Potentially linked to state/local water conservation, watershed, irrigation, rural water-supply or heritage programmes; verify scheme for each site.",High,Integrated,High,93.9,69.0,Curated prototype / regional documentation,Prototype dataset - verify against primary source,https://commons.wikimedia.org/,"Starter/prototype record. Exact structure name, coordinates, condition, initiative and image should be verified from a primary source before academic publication.",India Water Portal traditional water-harvesting documentation; India Water Heritage Map; primary local/heritage records recommended for verification.,0,Cluster 0 - Low Rainfall
IWMS005,Kund,Kund,Rajasthan,26.22085,73.01249,Representative regional coordinate - VERIFY before publication,Arid,462,Sandy/loamy,Catchment runoff directed into lined storage depression,desert settlements; rainfall scarcity,Drinking water / storage,protected storage; efficient collection,Needs restoration,Local body/department,"Documented restoration, desilting, repair, community revival or heritage conservation; site-specific action must be verified.","Potentially linked to state/local water conservation, watershed, irrigation, rural water-supply or heritage programmes; verify scheme for each site.",High,Surface,Moderate,85.9,68.7,Curated prototype / regional documentation,Prototype dataset - verify against primary source,https://commons.wikimedia.org/,"Starter/prototype record. Exact structure name, coordinates, condition, initiative and image should be verified from a primary source before academic publication.",India Water Portal traditional water-harvesting documentation; India Water Heritage Map; primary local/heritage records recommended for verification.,0,Cluster 0 - Low Rainfall
IWMS006,Nadi,Nadi,Rajasthan,26.36645,73.08528,Representative regional coordinate - VERIFY before publication,Arid,471,Sandy/loamy,Village depression/pond stores seasonal runoff,livestock and village water needs,Livestock / community water,simple storage; recharge; multiple uses,Unknown,Heritage/site management,"Documented restoration, desilting, repair, community revival or heritage conservation; site-specific action must be verified.","Potentially linked to state/local water conservation, watershed, irrigation, rural water-supply or heritage programmes; verify scheme for each site.",Low,Underground,Moderate,69.8,51.7,Curated prototype / regional documentation,Prototype dataset - verify against primary source,https://commons.wikimedia.org/,"Starter/prototype record. Exact structure name, coordinates, condition, initiative and image should be verified from a primary source before academic publication.",India Water Portal traditional water-harvesting documentation; India Water Heritage Map; primary local/heritage records recommended for verification.,0,Cluster 0 - Low Rainfall
IWMS007,Jhalara,Jhalara,Rajasthan,26.18028,72.94407,Representative regional coordinate - VERIFY before publication,Arid/Semi-arid,436,Sandy/loamy,Stepped masonry reservoir provides access to stored water/groundwater,community and cultural use in dry climate,Community water / cultural use,water access; shade; durable masonry,Partially functional,Local body/department,"Documented restoration, desilting, repair, community revival or heritage conservation; site-specific action must be verified.","Potentially linked to state/local water conservation, watershed, irrigation, rural water-supply or heritage programmes; verify scheme for each site.",High,Channel/diversion,Low,94.6,71.0,Curated prototype / regional documentation,Prototype dataset - verify against primary source,https://commons.wikimedia.org/,"Starter/prototype record. Exact structure name, coordinates, condition, initiative and image should be verified from a primary source before academic publication.",India Water Portal traditional water-harvesting documentation; India Water Heritage Map; primary local/heritage records recommended for verification.,0,Cluster 0 - Low Rainfall
IWMS008,Baoli/Baori,Baoli/Baori,Rajasthan,26.2836,73.01367,Representative regional coordinate - VERIFY before publication,Arid/Semi-arid,566,Sandy/loamy,Stepped well provides access to deep water,hot climate; settlement water supply,Drinking water / community use,storage/access; cooling; community use,Partially functional,Community-managed,"Documented restoration, desilting, repair, community revival or heritage conservation; site-specific action must be verified.","Potentially linked to state/local water conservation, watershed, irrigation, rural water-supply or heritage programmes; verify scheme for each site.",Low,Channel/diversion,Low,57.6,59.4,Curated prototype / regional documentation,Prototype dataset - verify against primary source,https://commons.wikimedia.org/,"Starter/prototype record. Exact structure name, coordinates, condition, initiative and image should be verified from a primary source before academic publication.",India Water Portal traditional water-harvesting documentation; India Water Heritage Map; primary local/heritage records recommended for verification.,0,Cluster 0 - Low Rainfall
IWMS009,Ahar-Pyne,Ahar-Pyne,Bihar,24.84915,85.01612,Representative regional coordinate - VERIFY before publication,Sub-humid monsoon,1267,Alluvial,Pynes divert floodwater into ahar storage basins and fields,seasonal floods and agriculture in South Bihar,Irrigation / floodwater management,flood management; irrigation; silt deposition,Partially functional,Unknown,"Documented restoration, desilting, repair, community revival or heritage conservation; site-specific action must be verified.","Potentially linked to state/local water conservation, watershed, irrigation, rural water-supply or heritage programmes; verify scheme for each site.",Moderate,Channel/diversion,Moderate,65.6,65.0,Curated prototype / regional documentation,Prototype dataset - verify against primary source,https://commons.wikimedia.org/,"Starter/prototype record. Exact structure name, coordinates, condition, initiative and image should be verified from a primary source before academic publication.",India Water Portal traditional water-harvesting documentation; India Water Heritage Map; primary local/heritage records recommended for verification.,5,Cluster 5 - High Rainfall
IWMS010,Kuhl,Kuhl,Himachal Pradesh,31.68919,77.16473,Representative regional coordinate - VERIFY before publication,Mountain,1169,Mountain/alluvial,Gravity channel diverts stream/snowmelt water to fields,mountain terrain; seasonal flows,Irrigation,gravity irrigation; low energy,Unknown,Unknown,"Documented restoration, desilting, repair, community revival or heritage conservation; site-specific action must be verified.","Potentially linked to state/local water conservation, watershed, irrigation, rural water-supply or heritage programmes; verify scheme for each site.",High,Groundwater-linked,Unknown,58.6,69.8,Curated prototype / regional documentation,Prototype dataset - verify against primary source,https://commons.wikimedia.org/,"Starter/prototype record. Exact structure name, coordinates, condition, initiative and image should be verified from a primary source before academic publication.",India Water Portal traditional water-harvesting documentation; India Water Heritage Map; primary local/heritage records recommended for verification.,7,Cluster 7 - Moderate Rainfall
IWMS011,Apatani,Apatani,Arunachal Pradesh,27.44131,93.72632,Representative regional coordinate - VERIFY before publication,Humid mountain,2142,Mountain/lateritic,Terraced fields regulate/reuse stream water for integrated agriculture,high rainfall; valley agriculture,Integrated agriculture,water efficiency; erosion control; integrated farming,Unknown,Community-managed,"Documented restoration, desilting, repair, community revival or heritage conservation; site-specific action must be verified.","Potentially linked to state/local water conservation, watershed, irrigation, rural water-supply or heritage programmes; verify scheme for each site.",Low,Integrated,Unknown,76.2,50.9,Curated prototype / regional documentation,Prototype dataset - verify against primary source,https://commons.wikimedia.org/,"Starter/prototype record. Exact structure name, coordinates, condition, initiative and image should be verified from a primary source before academic publication.",India Water Portal traditional water-harvesting documentation; India Water Heritage Map; primary local/heritage records recommended for verification.,2,Cluster 2 - Very High Rainfall
IWMS012,Zabo,Zabo,Nagaland,25.78306,94.20659,Representative regional coordinate - VERIFY before publication,Humid mountain,1511,Mountain/lateritic,Runoff from forested hills collected and routed through ponds/fields,high rainfall; steep terrain; integrated farming,Agriculture / livestock,multi-use water; erosion control; reuse,Functional,Heritage/site management,"Documented restoration, desilting, repair, community revival or heritage conservation; site-specific action must be verified.","Potentially linked to state/local water conservation, watershed, irrigation, rural water-supply or heritage programmes; verify scheme for each site.",High,Underground,High,66.7,87.0,Curated prototype / regional documentation,Prototype dataset - verify against primary source,https://commons.wikimedia.org/,"Starter/prototype record. Exact structure name, coordinates, condition, initiative and image should be verified from a primary source before academic publication.",India Water Portal traditional water-harvesting documentation; India Water Heritage Map; primary local/heritage records recommended for verification.,2,Cluster 2 - Very High Rainfall
IWMS013,Bamboo Drip Irrigation,Bamboo Drip Irrigation,Meghalaya,25.49796,91.77078,Representative regional coordinate - VERIFY before publication,Humid mountain,2239,Mountain/lateritic,Bamboo channels convey small controlled flows from springs/streams,steep terrain; smallholder agriculture,Smallholder irrigation,low-cost; gravity-fed; precise delivery,Needs restoration,Local body/department,"Documented restoration, desilting, repair, community revival or heritage conservation; site-specific action must be verified.","Potentially linked to state/local water conservation, watershed, irrigation, rural water-supply or heritage programmes; verify scheme for each site.",High,Surface,Low,88.7,66.3,Curated prototype / regional documentation,Prototype dataset - verify against primary source,https://commons.wikimedia.org/,"Starter/prototype record. Exact structure name, coordinates, condition, initiative and image should be verified from a primary source before academic publication.",India Water Portal traditional water-harvesting documentation; India Water Heritage Map; primary local/heritage records recommended for verification.,2,Cluster 2 - Very High Rainfall
IWMS014,Kere,Kere,Karnataka,15.32184,75.63774,Representative regional coordinate - VERIFY before publication,Semi-arid/Monsoon,841,Red/black/alluvial,Village tank stores runoff for irrigation and recharge,seasonal rainfall; agriculture,Irrigation / recharge,storage; recharge; flood moderation,Functional,Heritage/site management,"Documented restoration, desilting, repair, community revival or heritage conservation; site-specific action must be verified.","Potentially linked to state/local water conservation, watershed, irrigation, rural water-supply or heritage programmes; verify scheme for each site.",Low,Surface,Low,90.1,64.4,Curated prototype / regional documentation,Prototype dataset - verify against primary source,https://commons.wikimedia.org/,"Starter/prototype record. Exact structure name, coordinates, condition, initiative and image should be verified from a primary source before academic publication.",India Water Portal traditional water-harvesting documentation; India Water Heritage Map; primary local/heritage records recommended for verification.,1,Cluster 1 - Moderate Rainfall
IWMS015,Kalyani,Kalyani,Karnataka,15.3996,75.6638,Representative regional coordinate - VERIFY before publication,Semi-arid/Monsoon,679,Red/black/alluvial,Masonry temple tank stores rain/runoff and interacts with groundwater,temple/community use; seasonal water,Community/cultural water,storage; cultural use; recharge,Functional,Community-managed,"Documented restoration, desilting, repair, community revival or heritage conservation; site-specific action must be verified.","Potentially linked to state/local water conservation, watershed, irrigation, rural water-supply or heritage programmes; verify scheme for each site.",Low,Surface,Moderate,60.1,67.3,Curated prototype / regional documentation,Prototype dataset - verify against primary source,https://commons.wikimedia.org/,"Starter/prototype record. Exact structure name, coordinates, condition, initiative and image should be verified from a primary source before academic publication.",India Water Portal traditional water-harvesting documentation; India Water Heritage Map; primary local/heritage records recommended for verification.,1,Cluster 1 - Moderate Rainfall
IWMS016,Katta,Katta,Karnataka,15.31407,75.72195,Representative regional coordinate - VERIFY before publication,Semi-arid/Monsoon,785,Red/black/alluvial,Small check dam slows and stores stream/runoff,seasonal streams; agriculture,Irrigation / recharge,recharge; irrigation; low cost,Unknown,Local body/department,"Documented restoration, desilting, repair, community revival or heritage conservation; site-specific action must be verified.","Potentially linked to state/local water conservation, watershed, irrigation, rural water-supply or heritage programmes; verify scheme for each site.",High,Groundwater-linked,Low,71.0,76.6,Curated prototype / regional documentation,Prototype dataset - verify against primary source,https://commons.wikimedia.org/,"Starter/prototype record. Exact structure name, coordinates, condition, initiative and image should be verified from a primary source before academic publication.",India Water Portal traditional water-harvesting documentation; India Water Heritage Map; primary local/heritage records recommended for verification.,1,Cluster 1 - Moderate Rainfall
IWMS017,Eri,Eri,Tamil Nadu,11.1712,78.62962,Representative regional coordinate - VERIFY before publication,Semi-arid/Monsoon,914,Red/black/alluvial,Interconnected tank network stores monsoon runoff and releases it for irrigation,seasonal monsoon; agriculture,Irrigation / recharge,storage; recharge; flood moderation,Functional,Local body/department,"Documented restoration, desilting, repair, community revival or heritage conservation; site-specific action must be verified.","Potentially linked to state/local water conservation, watershed, irrigation, rural water-supply or heritage programmes; verify scheme for each site.",Moderate,Underground,High,78.5,71.7,Curated prototype / regional documentation,Prototype dataset - verify against primary source,https://commons.wikimedia.org/,"Starter/prototype record. Exact structure name, coordinates, condition, initiative and image should be verified from a primary source before academic publication.",India Water Portal traditional water-harvesting documentation; India Water Heritage Map; primary local/heritage records recommended for verification.,1,Cluster 1 - Moderate Rainfall
IWMS018,Oorani,Oorani,Tamil Nadu,11.06523,78.59285,Representative regional coordinate - VERIFY before publication,Semi-arid/Monsoon,686,Red/black/alluvial,Village pond collects and stores rainwater,drinking/community water needs,Drinking water / community use,local storage; recharge,Functional,Local body/department,"Documented restoration, desilting, repair, community revival or heritage conservation; site-specific action must be verified.","Potentially linked to state/local water conservation, watershed, irrigation, rural water-supply or heritage programmes; verify scheme for each site.",High,Surface,Low,57.8,78.6,Curated prototype / regional documentation,Prototype dataset - verify against primary source,https://commons.wikimedia.org/,"Starter/prototype record. Exact structure name, coordinates, condition, initiative and image should be verified from a primary source before academic publication.",India Water Portal traditional water-harvesting documentation; India Water Heritage Map; primary local/heritage records recommended for verification.,1,Cluster 1 - Moderate Rainfall
IWMS019,Surangam,Surangam,Kerala,10.78712,76.31055,Representative regional coordinate - VERIFY before publication,Humid lateritic,2238,Lateritic,Horizontal groundwater tunnel drains water by gravity,lateritic hills; spring/groundwater access,Domestic water / irrigation,gravity supply; low evaporation; low energy,Partially functional,Unknown,"Documented restoration, desilting, repair, community revival or heritage conservation; site-specific action must be verified.","Potentially linked to state/local water conservation, watershed, irrigation, rural water-supply or heritage programmes; verify scheme for each site.",High,Channel/diversion,Unknown,62.6,71.9,Curated prototype / regional documentation,Prototype dataset - verify against primary source,https://commons.wikimedia.org/,"Starter/prototype record. Exact structure name, coordinates, condition, initiative and image should be verified from a primary source before academic publication.",India Water Portal traditional water-harvesting documentation; India Water Heritage Map; primary local/heritage records recommended for verification.,3,Cluster 3 - Very High Rainfall
IWMS020,Korambu,Korambu,Kerala,10.75326,76.25345,Representative regional coordinate - VERIFY before publication,Humid monsoon,2667,Lateritic/alluvial,Temporary river-bank barrier diverts water toward fields,seasonal river flow; paddy farming,Paddy irrigation,low-cost diversion; irrigation,Unknown,Community-managed,"Documented restoration, desilting, repair, community revival or heritage conservation; site-specific action must be verified.","Potentially linked to state/local water conservation, watershed, irrigation, rural water-supply or heritage programmes; verify scheme for each site.",Moderate,Surface,High,71.1,64.8,Curated prototype / regional documentation,Prototype dataset - verify against primary source,https://commons.wikimedia.org/,"Starter/prototype record. Exact structure name, coordinates, condition, initiative and image should be verified from a primary source before academic publication.",India Water Portal traditional water-harvesting documentation; India Water Heritage Map; primary local/heritage records recommended for verification.,3,Cluster 3 - Very High Rainfall
IWMS021,Phad,Phad,Maharashtra,19.71143,75.7968,Representative regional coordinate - VERIFY before publication,Semi-arid/Monsoon,777,Red/black/alluvial,Diversion weir and channel network distributes river water to farm blocks,seasonal rivers; community irrigation,Irrigation,gravity irrigation; shared allocation,Partially functional,Unknown,"Documented restoration, desilting, repair, community revival or heritage conservation; site-specific action must be verified.","Potentially linked to state/local water conservation, watershed, irrigation, rural water-supply or heritage programmes; verify scheme for each site.",Low,Groundwater-linked,Low,73.5,51.4,Curated prototype / regional documentation,Prototype dataset - verify against primary source,https://commons.wikimedia.org/,"Starter/prototype record. Exact structure name, coordinates, condition, initiative and image should be verified from a primary source before academic publication.",India Water Portal traditional water-harvesting documentation; India Water Heritage Map; primary local/heritage records recommended for verification.,6,Cluster 6 - Moderate Rainfall
IWMS022,Bhandara,Bhandara,Maharashtra,19.83988,75.60809,Representative regional coordinate - VERIFY before publication,Semi-arid/Monsoon,931,Red/black/alluvial,Low diversion structure raises/diverts river water,seasonal river flows; agriculture,Irrigation,simple diversion; gravity irrigation,Functional,Community-managed,"Documented restoration, desilting, repair, community revival or heritage conservation; site-specific action must be verified.","Potentially linked to state/local water conservation, watershed, irrigation, rural water-supply or heritage programmes; verify scheme for each site.",Low,Groundwater-linked,Moderate,71.3,70.1,Curated prototype / regional documentation,Prototype dataset - verify against primary source,https://commons.wikimedia.org/,"Starter/prototype record. Exact structure name, coordinates, condition, initiative and image should be verified from a primary source before academic publication.",India Water Portal traditional water-harvesting documentation; India Water Heritage Map; primary local/heritage records recommended for verification.,6,Cluster 6 - Moderate Rainfall
IWMS023,Ramtek Model,Ramtek Model,Maharashtra,19.74553,75.79752,Representative regional coordinate - VERIFY before publication,Semi-arid/Monsoon,680,Red/black/alluvial,Tank cascade/catchment management stores and transfers runoff,monsoon variability; agriculture,Irrigation / recharge,storage cascade; recharge; runoff control,Unknown,Community-managed,"Documented restoration, desilting, repair, community revival or heritage conservation; site-specific action must be verified.","Potentially linked to state/local water conservation, watershed, irrigation, rural water-supply or heritage programmes; verify scheme for each site.",Low,Underground,Unknown,66.4,58.1,Curated prototype / regional documentation,Prototype dataset - verify against primary source,https://commons.wikimedia.org/,"Starter/prototype record. Exact structure name, coordinates, condition, initiative and image should be verified from a primary source before academic publication.",India Water Portal traditional water-harvesting documentation; India Water Heritage Map; primary local/heritage records recommended for verification.,6,Cluster 6 - Moderate Rainfall
IWMS024,Pat System,Pat System,Madhya Pradesh,23.30718,77.46532,Representative regional coordinate - VERIFY before publication,Semi-arid/Monsoon,934,Red/black/alluvial,Small diversion structures route streamwater through channels to fields,hilly terrain; seasonal streams,Irrigation,gravity irrigation; low energy,Unknown,Local body/department,"Documented restoration, desilting, repair, community revival or heritage conservation; site-specific action must be verified.","Potentially linked to state/local water conservation, watershed, irrigation, rural water-supply or heritage programmes; verify scheme for each site.",High,Groundwater-linked,High,78.2,67.8,Curated prototype / regional documentation,Prototype dataset - verify against primary source,https://commons.wikimedia.org/,"Starter/prototype record. Exact structure name, coordinates, condition, initiative and image should be verified from a primary source before academic publication.",India Water Portal traditional water-harvesting documentation; India Water Heritage Map; primary local/heritage records recommended for verification.,6,Cluster 6 - Moderate Rainfall
IWMS025,Chandela/Bundela Tank,Chandela/Bundela Tank,Madhya Pradesh,23.27013,77.46951,Representative regional coordinate - VERIFY before publication,Semi-arid/Monsoon,679,Red/black/alluvial,Large historic tanks capture monsoon runoff,Bundelkhand seasonality and agriculture,Irrigation / community water,storage; recharge; drought buffering,Unknown,Local body/department,"Documented restoration, desilting, repair, community revival or heritage conservation; site-specific action must be verified.","Potentially linked to state/local water conservation, watershed, irrigation, rural water-supply or heritage programmes; verify scheme for each site.",Low,Integrated,High,89.1,46.9,Curated prototype / regional documentation,Prototype dataset - verify against primary source,https://commons.wikimedia.org/,"Starter/prototype record. Exact structure name, coordinates, condition, initiative and image should be verified from a primary source before academic publication.",India Water Portal traditional water-harvesting documentation; India Water Heritage Map; primary local/heritage records recommended for verification.,6,Cluster 6 - Moderate Rainfall
IWMS026,Virda,Virda,Gujarat,22.15645,71.08631,Representative regional coordinate - VERIFY before publication,Arid/coastal,420,Sandy/saline,Freshwater lenses in sandy terrain are accessed through shallow pits,Kutch water scarcity and saline surroundings,Drinking water,local freshwater access; simple construction,Functional,Local body/department,"Documented restoration, desilting, repair, community revival or heritage conservation; site-specific action must be verified.","Potentially linked to state/local water conservation, watershed, irrigation, rural water-supply or heritage programmes; verify scheme for each site.",Moderate,Surface,High,71.8,75.9,Curated prototype / regional documentation,Prototype dataset - verify against primary source,https://commons.wikimedia.org/,"Starter/prototype record. Exact structure name, coordinates, condition, initiative and image should be verified from a primary source before academic publication.",India Water Portal traditional water-harvesting documentation; India Water Heritage Map; primary local/heritage records recommended for verification.,0,Cluster 0 - Low Rainfall
IWMS027,Karez,Karez,Rajasthan,26.27008,73.00547,Representative regional coordinate - VERIFY before publication,Arid,489,Sandy/loamy,Underground gallery conveys groundwater by gravity,arid climate; evaporation reduction,Domestic water / irrigation,gravity supply; low evaporation,Partially functional,Heritage/site management,"Documented restoration, desilting, repair, community revival or heritage conservation; site-specific action must be verified.","Potentially linked to state/local water conservation, watershed, irrigation, rural water-supply or heritage programmes; verify scheme for each site.",Moderate,Channel/diversion,Moderate,81.9,63.1,Curated prototype / regional documentation,Prototype dataset - verify against primary source,https://commons.wikimedia.org/,"Starter/prototype record. Exact structure name, coordinates, condition, initiative and image should be verified from a primary source before academic publication.",India Water Portal traditional water-harvesting documentation; India Water Heritage Map; primary local/heritage records recommended for verification.,0,Cluster 0 - Low Rainfall
IWMS028,Zing,Zing,Ladakh,34.102,77.53588,Representative regional coordinate - VERIFY before publication,Cold arid,89,Sandy/gravelly,Small storage collects seasonal glacial/snowmelt water,cold-arid agriculture dependent on meltwater,Agriculture / settlement water,seasonal storage; gravity distribution,Unknown,Community-managed,"Documented restoration, desilting, repair, community revival or heritage conservation; site-specific action must be verified.","Potentially linked to state/local water conservation, watershed, irrigation, rural water-supply or heritage programmes; verify scheme for each site.",Low,Groundwater-linked,Low,60.3,47.1,Curated prototype / regional documentation,Prototype dataset - verify against primary source,https://commons.wikimedia.org/,"Starter/prototype record. Exact structure name, coordinates, condition, initiative and image should be verified from a primary source before academic publication.",India Water Portal traditional water-harvesting documentation; India Water Heritage Map; primary local/heritage records recommended for verification.,7,Cluster 7 - Moderate Rainfall
IWMS029,Cheruvu,Cheruvu,Telangana/Andhra Pradesh,16.46376,80.54651,Representative regional coordinate - VERIFY before publication,Semi-arid/Monsoon,775,Red/black/alluvial,Village tank stores runoff for irrigation/recharge,seasonal rainfall; agriculture,Irrigation / recharge,storage; recharge; flood moderation,Needs restoration,Local body/department,"Documented restoration, desilting, repair, community revival or heritage conservation; site-specific action must be verified.","Potentially linked to state/local water conservation, watershed, irrigation, rural water-supply or heritage programmes; verify scheme for each site.",Moderate,Integrated,Low,79.5,56.8,Curated prototype / regional documentation,Prototype dataset - verify against primary source,https://commons.wikimedia.org/,"Starter/prototype record. Exact structure name, coordinates, condition, initiative and image should be verified from a primary source before academic publication.",India Water Portal traditional water-harvesting documentation; India Water Heritage Map; primary local/heritage records recommended for verification.,1,Cluster 1 - Moderate Rainfall
IWMS030,Jackwell,Jackwell,Andaman & Nicobar,11.78694,92.77695,Representative regional coordinate - VERIFY before publication,Humid tropical,2508,Alluvial/lateritic,Tree/canopy runoff collected and conveyed to pits/wells,island settlements; heavy rainfall,Local water supply,simple collection; local supply,Needs restoration,Community-managed,"Documented restoration, desilting, repair, community revival or heritage conservation; site-specific action must be verified.","Potentially linked to state/local water conservation, watershed, irrigation, rural water-supply or heritage programmes; verify scheme for each site.",High,Groundwater-linked,Low,59.6,71.5,Curated prototype / regional documentation,Prototype dataset - verify against primary source,https://commons.wikimedia.org/,"Starter/prototype record. Exact structure name, coordinates, condition, initiative and image should be verified from a primary source before academic publication.",India Water Portal traditional water-harvesting documentation; India Water Heritage Map; primary local/heritage records recommended for verification.,4,Cluster 4 - Very High Rainfall
IWMS031,Stepwell - representative site 31,Stepwell,Rajasthan,26.15569,73.01277,Representative regional coordinate - VERIFY before publication,Semi-arid,589,Sandy/loamy,Groundwater access via deep stepped masonry; rainwater infiltration/storage,"community water supply, shade, social/religious use",Drinking water / community use,water access; passive cooling; durable structure,Partially functional,Heritage/site management,"Documented restoration, desilting, repair, community revival or heritage conservation; site-specific action must be verified.","Potentially linked to state/local water conservation, watershed, irrigation, rural water-supply or heritage programmes; verify scheme for each site.",Moderate,Underground,Unknown,65.0,62.7,Curated prototype / regional documentation,Prototype dataset - verify against primary source,https://commons.wikimedia.org/,"Starter/prototype record. Exact structure name, coordinates, condition, initiative and image should be verified from a primary source before academic publication.",India Water Portal traditional water-harvesting documentation; India Water Heritage Map; primary local/heritage records recommended for verification.,0,Cluster 0 - Low Rainfall
IWMS032,Johad - representative site 32,Johad,Rajasthan,26.34796,72.89219,Representative regional coordinate - VERIFY before publication,Arid/Semi-arid,616,Sandy/loamy,Earthen check dam captures monsoon runoff and promotes aquifer recharge,seasonal rainfall; livestock; agriculture; community water security,Groundwater recharge / livestock / agriculture,low cost; recharge; soil moisture; drought resilience,Functional,Community-managed,"Documented restoration, desilting, repair, community revival or heritage conservation; site-specific action must be verified.","Potentially linked to state/local water conservation, watershed, irrigation, rural water-supply or heritage programmes; verify scheme for each site.",Moderate,Groundwater-linked,Low,61.5,73.0,Curated prototype / regional documentation,Prototype dataset - verify against primary source,https://commons.wikimedia.org/,"Starter/prototype record. Exact structure name, coordinates, condition, initiative and image should be verified from a primary source before academic publication.",India Water Portal traditional water-harvesting documentation; India Water Heritage Map; primary local/heritage records recommended for verification.,0,Cluster 0 - Low Rainfall
IWMS033,Khadin - representative site 33,Khadin,Rajasthan,26.23604,73.04936,Representative regional coordinate - VERIFY before publication,Arid,393,Sandy/loamy,Earthen bund retains runoff on agricultural land and conserves soil moisture,very low rainfall; dryland farming,Dryland agriculture,runoff harvesting; crop moisture; no pumping required,Functional,Community-managed,"Documented restoration, desilting, repair, community revival or heritage conservation; site-specific action must be verified.","Potentially linked to state/local water conservation, watershed, irrigation, rural water-supply or heritage programmes; verify scheme for each site.",Low,Groundwater-linked,High,88.4,69.8,Curated prototype / regional documentation,Prototype dataset - verify against primary source,https://commons.wikimedia.org/,"Starter/prototype record. Exact structure name, coordinates, condition, initiative and image should be verified from a primary source before academic publication.",India Water Portal traditional water-harvesting documentation; India Water Heritage Map; primary local/heritage records recommended for verification.,0,Cluster 0 - Low Rainfall
IWMS034,Tanka - representative site 34,Tanka,Rajasthan,26.2698,72.91554,Representative regional coordinate - VERIFY before publication,Arid,282,Sandy/loamy,Roof/courtyard runoff stored in underground tank,scarce rainfall; potable-water security,Drinking water / household storage,low evaporation; household storage; dry-season supply,Needs restoration,Heritage/site management,"Documented restoration, desilting, repair, community revival or heritage conservation; site-specific action must be verified.","Potentially linked to state/local water conservation, watershed, irrigation, rural water-supply or heritage programmes; verify scheme for each site.",Low,Surface,Low,63.4,51.8,Curated prototype / regional documentation,Prototype dataset - verify against primary source,https://commons.wikimedia.org/,"Starter/prototype record. Exact structure name, coordinates, condition, initiative and image should be verified from a primary source before academic publication.",India Water Portal traditional water-harvesting documentation; India Water Heritage Map; primary local/heritage records recommended for verification.,0,Cluster 0 - Low Rainfall
IWMS035,Kund - representative site 35,Kund,Rajasthan,26.18989,72.90467,Representative regional coordinate - VERIFY before publication,Arid,449,Sandy/loamy,Catchment runoff directed into lined storage depression,desert settlements; rainfall scarcity,Drinking water / storage,protected storage; efficient collection,Unknown,Local body/department,"Documented restoration, desilting, repair, community revival or heritage conservation; site-specific action must be verified.","Potentially linked to state/local water conservation, watershed, irrigation, rural water-supply or heritage programmes; verify scheme for each site.",High,Groundwater-linked,Moderate,94.0,76.6,Curated prototype / regional documentation,Prototype dataset - verify against primary source,https://commons.wikimedia.org/,"Starter/prototype record. Exact structure name, coordinates, condition, initiative and image should be verified from a primary source before academic publication.",India Water Portal traditional water-harvesting documentation; India Water Heritage Map; primary local/heritage records recommended for verification.,0,Cluster 0 - Low Rainfall
IWMS036,Nadi - representative site 36,Nadi,Rajasthan,26.32459,73.09154,Representative regional coordinate - VERIFY before publication,Arid,256,Sandy/loamy,Village depression/pond stores seasonal runoff,livestock and village water needs,Livestock / community water,simple storage; recharge; multiple uses,Needs restoration,Unknown,"Documented restoration, desilting, repair, community revival or heritage conservation; site-specific action must be verified.","Potentially linked to state/local water conservation, watershed, irrigation, rural water-supply or heritage programmes; verify scheme for each site.",Low,Groundwater-linked,Low,61.4,50.6,Curated prototype / regional documentation,Prototype dataset - verify against primary source,https://commons.wikimedia.org/,"Starter/prototype record. Exact structure name, coordinates, condition, initiative and image should be verified from a primary source before academic publication.",India Water Portal traditional water-harvesting documentation; India Water Heritage Map; primary local/heritage records recommended for verification.,0,Cluster 0 - Low Rainfall
IWMS037,Jhalara - representative site 37,Jhalara,Rajasthan,26.29831,72.97181,Representative regional coordinate - VERIFY before publication,Arid/Semi-arid,419,Sandy/loamy,Stepped masonry reservoir provides access to stored water/groundwater,community and cultural use in dry climate,Community water / cultural use,water access; shade; durable masonry,Partially functional,Local body/department,"Documented restoration, desilting, repair, community revival or heritage conservation; site-specific action must be verified.","Potentially linked to state/local water conservation, watershed, irrigation, rural water-supply or heritage programmes; verify scheme for each site.",Moderate,Channel/diversion,Low,67.2,70.0,Curated prototype / regional documentation,Prototype dataset - verify against primary source,https://commons.wikimedia.org/,"Starter/prototype record. Exact structure name, coordinates, condition, initiative and image should be verified from a primary source before academic publication.",India Water Portal traditional water-harvesting documentation; India Water Heritage Map; primary local/heritage records recommended for verification.,0,Cluster 0 - Low Rainfall
IWMS038,Baoli/Baori - representative site 38,Baoli/Baori,Rajasthan,26.32088,72.93462,Representative regional coordinate - VERIFY before publication,Arid/Semi-arid,412,Sandy/loamy,Stepped well provides access to deep water,hot climate; settlement water supply,Drinking water / community use,storage/access; cooling; community use,Partially functional,Unknown,"Documented restoration, desilting, repair, community revival or heritage conservation; site-specific action must be verified.","Potentially linked to state/local water conservation, watershed, irrigation, rural water-supply or heritage programmes; verify scheme for each site.",High,Surface,Low,69.0,72.9,Curated prototype / regional documentation,Prototype dataset - verify against primary source,https://commons.wikimedia.org/,"Starter/prototype record. Exact structure name, coordinates, condition, initiative and image should be verified from a primary source before academic publication.",India Water Portal traditional water-harvesting documentation; India Water Heritage Map; primary local/heritage records recommended for verification.,0,Cluster 0 - Low Rainfall
IWMS039,Ahar-Pyne - representative site 39,Ahar-Pyne,Bihar,24.75226,85.04308,Representative regional coordinate - VERIFY before publication,Sub-humid monsoon,1174,Alluvial,Pynes divert floodwater into ahar storage basins and fields,seasonal floods and agriculture in South Bihar,Irrigation / floodwater management,flood management; irrigation; silt deposition,Functional,Community-managed,"Documented restoration, desilting, repair, community revival or heritage conservation; site-specific action must be verified.","Potentially linked to state/local water conservation, watershed, irrigation, rural water-supply or heritage programmes; verify scheme for each site.",Moderate,Underground,Moderate,78.2,79.5,Curated prototype / regional documentation,Prototype dataset - verify against primary source,https://commons.wikimedia.org/,"Starter/prototype record. Exact structure name, coordinates, condition, initiative and image should be verified from a primary source before academic publication.",India Water Portal traditional water-harvesting documentation; India Water Heritage Map; primary local/heritage records recommended for verification.,5,Cluster 5 - High Rainfall
IWMS040,Kuhl - representative site 40,Kuhl,Himachal Pradesh,31.86605,77.03918,Representative regional coordinate - VERIFY before publication,Mountain,1510,Mountain/alluvial,Gravity channel diverts stream/snowmelt water to fields,mountain terrain; seasonal flows,Irrigation,gravity irrigation; low energy,Needs restoration,Heritage/site management,"Documented restoration, desilting, repair, community revival or heritage conservation; site-specific action must be verified.","Potentially linked to state/local water conservation, watershed, irrigation, rural water-supply or heritage programmes; verify scheme for each site.",Moderate,Integrated,High,70.4,56.7,Curated prototype / regional documentation,Prototype dataset - verify against primary source,https://commons.wikimedia.org/,"Starter/prototype record. Exact structure name, coordinates, condition, initiative and image should be verified from a primary source before academic publication.",India Water Portal traditional water-harvesting documentation; India Water Heritage Map; primary local/heritage records recommended for verification.,7,Cluster 7 - Moderate Rainfall
IWMS041,Apatani - representative site 41,Apatani,Arunachal Pradesh,27.56838,93.76113,Representative regional coordinate - VERIFY before publication,Humid mountain,2225,Mountain/lateritic,Terraced fields regulate/reuse stream water for integrated agriculture,high rainfall; valley agriculture,Integrated agriculture,water efficiency; erosion control; integrated farming,Functional,Local body/department,"Documented restoration, desilting, repair, community revival or heritage conservation; site-specific action must be verified.","Potentially linked to state/local water conservation, watershed, irrigation, rural water-supply or heritage programmes; verify scheme for each site.",Moderate,Surface,Low,79.9,73.4,Curated prototype / regional documentation,Prototype dataset - verify against primary source,https://commons.wikimedia.org/,"Starter/prototype record. Exact structure name, coordinates, condition, initiative and image should be verified from a primary source before academic publication.",India Water Portal traditional water-harvesting documentation; India Water Heritage Map; primary local/heritage records recommended for verification.,2,Cluster 2 - Very High Rainfall
IWMS042,Zabo - representative site 42,Zabo,Nagaland,25.70921,94.02991,Representative regional coordinate - VERIFY before publication,Humid mountain,2421,Mountain/lateritic,Runoff from forested hills collected and routed through ponds/fields,high rainfall; steep terrain; integrated farming,Agriculture / livestock,multi-use water; erosion control; reuse,Needs restoration,Unknown,"Documented restoration, desilting, repair, community revival or heritage conservation; site-specific action must be verified.","Potentially linked to state/local water conservation, watershed, irrigation, rural water-supply or heritage programmes; verify scheme for each site.",Moderate,Underground,Moderate,62.7,55.4,Curated prototype / regional documentation,Prototype dataset - verify against primary source,https://commons.wikimedia.org/,"Starter/prototype record. Exact structure name, coordinates, condition, initiative and image should be verified from a primary source before academic publication.",India Water Portal traditional water-harvesting documentation; India Water Heritage Map; primary local/heritage records recommended for verification.,2,Cluster 2 - Very High Rainfall
IWMS043,Bamboo Drip Irrigation - representative site 43,Bamboo Drip Irrigation,Meghalaya,25.61958,91.86099,Representative regional coordinate - VERIFY before publication,Humid mountain,2266,Mountain/lateritic,Bamboo channels convey small controlled flows from springs/streams,steep terrain; smallholder agriculture,Smallholder irrigation,low-cost; gravity-fed; precise delivery,Needs restoration,Unknown,"Documented restoration, desilting, repair, community revival or heritage conservation; site-specific action must be verified.","Potentially linked to state/local water conservation, watershed, irrigation, rural water-supply or heritage programmes; verify scheme for each site.",Low,Surface,Low,66.5,47.6,Curated prototype / regional documentation,Prototype dataset - verify against primary source,https://commons.wikimedia.org/,"Starter/prototype record. Exact structure name, coordinates, condition, initiative and image should be verified from a primary source before academic publication.",India Water Portal traditional water-harvesting documentation; India Water Heritage Map; primary local/heritage records recommended for verification.,2,Cluster 2 - Very High Rainfall
IWMS044,Kere - representative site 44,Kere,Karnataka,15.30317,75.7292,Representative regional coordinate - VERIFY before publication,Semi-arid/Monsoon,814,Red/black/alluvial,Village tank stores runoff for irrigation and recharge,seasonal rainfall; agriculture,Irrigation / recharge,storage; recharge; flood moderation,Unknown,Unknown,"Documented restoration, desilting, repair, community revival or heritage conservation; site-specific action must be verified.","Potentially linked to state/local water conservation, watershed, irrigation, rural water-supply or heritage programmes; verify scheme for each site.",Moderate,Integrated,Unknown,86.7,64.9,Curated prototype / regional documentation,Prototype dataset - verify against primary source,https://commons.wikimedia.org/,"Starter/prototype record. Exact structure name, coordinates, condition, initiative and image should be verified from a primary source before academic publication.",India Water Portal traditional water-harvesting documentation; India Water Heritage Map; primary local/heritage records recommended for verification.,1,Cluster 1 - Moderate Rainfall
IWMS045,Kalyani - representative site 45,Kalyani,Karnataka,15.43036,75.76663,Representative regional coordinate - VERIFY before publication,Semi-arid/Monsoon,693,Red/black/alluvial,Masonry temple tank stores rain/runoff and interacts with groundwater,temple/community use; seasonal water,Community/cultural water,storage; cultural use; recharge,Needs restoration,Community-managed,"Documented restoration, desilting, repair, community revival or heritage conservation; site-specific action must be verified.","Potentially linked to state/local water conservation, watershed, irrigation, rural water-supply or heritage programmes; verify scheme for each site.",Moderate,Groundwater-linked,Low,64.0,61.3,Curated prototype / regional documentation,Prototype dataset - verify against primary source,https://commons.wikimedia.org/,"Starter/prototype record. Exact structure name, coordinates, condition, initiative and image should be verified from a primary source before academic publication.",India Water Portal traditional water-harvesting documentation; India Water Heritage Map; primary local/heritage records recommended for verification.,1,Cluster 1 - Moderate Rainfall
IWMS046,Katta - representative site 46,Katta,Karnataka,15.24779,75.59586,Representative regional coordinate - VERIFY before publication,Semi-arid/Monsoon,775,Red/black/alluvial,Small check dam slows and stores stream/runoff,seasonal streams; agriculture,Irrigation / recharge,recharge; irrigation; low cost,Functional,Unknown,"Documented restoration, desilting, repair, community revival or heritage conservation; site-specific action must be verified.","Potentially linked to state/local water conservation, watershed, irrigation, rural water-supply or heritage programmes; verify scheme for each site.",Moderate,Integrated,Moderate,83.7,74.0,Curated prototype / regional documentation,Prototype dataset - verify against primary source,https://commons.wikimedia.org/,"Starter/prototype record. Exact structure name, coordinates, condition, initiative and image should be verified from a primary source before academic publication.",India Water Portal traditional water-harvesting documentation; India Water Heritage Map; primary local/heritage records recommended for verification.,1,Cluster 1 - Moderate Rainfall
IWMS047,Eri - representative site 47,Eri,Tamil Nadu,11.10215,78.63592,Representative regional coordinate - VERIFY before publication,Semi-arid/Monsoon,725,Red/black/alluvial,Interconnected tank network stores monsoon runoff and releases it for irrigation,seasonal monsoon; agriculture,Irrigation / recharge,storage; recharge; flood moderation,Functional,Community-managed,"Documented restoration, desilting, repair, community revival or heritage conservation; site-specific action must be verified.","Potentially linked to state/local water conservation, watershed, irrigation, rural water-supply or heritage programmes; verify scheme for each site.",High,Groundwater-linked,Moderate,87.2,87.1,Curated prototype / regional documentation,Prototype dataset - verify against primary source,https://commons.wikimedia.org/,"Starter/prototype record. Exact structure name, coordinates, condition, initiative and image should be verified from a primary source before academic publication.",India Water Portal traditional water-harvesting documentation; India Water Heritage Map; primary local/heritage records recommended for verification.,1,Cluster 1 - Moderate Rainfall
IWMS048,Oorani - representative site 48,Oorani,Tamil Nadu,11.17702,78.65149,Representative regional coordinate - VERIFY before publication,Semi-arid/Monsoon,935,Red/black/alluvial,Village pond collects and stores rainwater,drinking/community water needs,Drinking water / community use,local storage; recharge,Functional,Unknown,"Documented restoration, desilting, repair, community revival or heritage conservation; site-specific action must be verified.","Potentially linked to state/local water conservation, watershed, irrigation, rural water-supply or heritage programmes; verify scheme for each site.",Low,Channel/diversion,Low,93.0,60.1,Curated prototype / regional documentation,Prototype dataset - verify against primary source,https://commons.wikimedia.org/,"Starter/prototype record. Exact structure name, coordinates, condition, initiative and image should be verified from a primary source before academic publication.",India Water Portal traditional water-harvesting documentation; India Water Heritage Map; primary local/heritage records recommended for verification.,1,Cluster 1 - Moderate Rainfall
IWMS049,Surangam - representative site 49,Surangam,Kerala,10.94394,76.29704,Representative regional coordinate - VERIFY before publication,Humid lateritic,2833,Lateritic,Horizontal groundwater tunnel drains water by gravity,lateritic hills; spring/groundwater access,Domestic water / irrigation,gravity supply; low evaporation; low energy,Unknown,Local body/department,"Documented restoration, desilting, repair, community revival or heritage conservation; site-specific action must be verified.","Potentially linked to state/local water conservation, watershed, irrigation, rural water-supply or heritage programmes; verify scheme for each site.",Moderate,Channel/diversion,Unknown,65.4,65.7,Curated prototype / regional documentation,Prototype dataset - verify against primary source,https://commons.wikimedia.org/,"Starter/prototype record. Exact structure name, coordinates, condition, initiative and image should be verified from a primary source before academic publication.",India Water Portal traditional water-harvesting documentation; India Water Heritage Map; primary local/heritage records recommended for verification.,3,Cluster 3 - Very High Rainfall
IWMS050,Korambu - representative site 50,Korambu,Kerala,10.78934,76.30304,Representative regional coordinate - VERIFY before publication,Humid monsoon,2867,Lateritic/alluvial,Temporary river-bank barrier diverts water toward fields,seasonal river flow; paddy farming,Paddy irrigation,low-cost diversion; irrigation,Partially functional,Heritage/site management,"Documented restoration, desilting, repair, community revival or heritage conservation; site-specific action must be verified.","Potentially linked to state/local water conservation, watershed, irrigation, rural water-supply or heritage programmes; verify scheme for each site.",Moderate,Underground,Moderate,65.9,65.5,Curated prototype / regional documentation,Prototype dataset - verify against primary source,https://commons.wikimedia.org/,"Starter/prototype record. Exact structure name, coordinates, condition, initiative and image should be verified from a primary source before academic publication.",India Water Portal traditional water-harvesting documentation; India Water Heritage Map; primary local/heritage records recommended for verification.,3,Cluster 3 - Very High Rainfall
IWMS051,Phad - representative site 51,Phad,Maharashtra,19.70673,75.71964,Representative regional coordinate - VERIFY before publication,Semi-arid/Monsoon,720,Red/black/alluvial,Diversion weir and channel network distributes river water to farm blocks,seasonal rivers; community irrigation,Irrigation,gravity irrigation; shared allocation,Partially functional,Unknown,"Documented restoration, desilting, repair, community revival or heritage conservation; site-specific action must be verified.","Potentially linked to state/local water conservation, watershed, irrigation, rural water-supply or heritage programmes; verify scheme for each site.",Low,Groundwater-linked,High,71.6,58.1,Curated prototype / regional documentation,Prototype dataset - verify against primary source,https://commons.wikimedia.org/,"Starter/prototype record. Exact structure name, coordinates, condition, initiative and image should be verified from a primary source before academic publication.",India Water Portal traditional water-harvesting documentation; India Water Heritage Map; primary local/heritage records recommended for verification.,6,Cluster 6 - Moderate Rainfall
IWMS052,Bhandara - representative site 52,Bhandara,Maharashtra,19.70941,75.70182,Representative regional coordinate - VERIFY before publication,Semi-arid/Monsoon,681,Red/black/alluvial,Low diversion structure raises/diverts river water,seasonal river flows; agriculture,Irrigation,simple diversion; gravity irrigation,Unknown,Unknown,"Documented restoration, desilting, repair, community revival or heritage conservation; site-specific action must be verified.","Potentially linked to state/local water conservation, watershed, irrigation, rural water-supply or heritage programmes; verify scheme for each site.",Low,Integrated,High,89.3,57.1,Curated prototype / regional documentation,Prototype dataset - verify against primary source,https://commons.wikimedia.org/,"Starter/prototype record. Exact structure name, coordinates, condition, initiative and image should be verified from a primary source before academic publication.",India Water Portal traditional water-harvesting documentation; India Water Heritage Map; primary local/heritage records recommended for verification.,6,Cluster 6 - Moderate Rainfall
IWMS053,Ramtek Model - representative site 53,Ramtek Model,Maharashtra,19.81374,75.68129,Representative regional coordinate - VERIFY before publication,Semi-arid/Monsoon,653,Red/black/alluvial,Tank cascade/catchment management stores and transfers runoff,monsoon variability; agriculture,Irrigation / recharge,storage cascade; recharge; runoff control,Needs restoration,Unknown,"Documented restoration, desilting, repair, community revival or heritage conservation; site-specific action must be verified.","Potentially linked to state/local water conservation, watershed, irrigation, rural water-supply or heritage programmes; verify scheme for each site.",Moderate,Channel/diversion,Moderate,74.5,61.7,Curated prototype / regional documentation,Prototype dataset - verify against primary source,https://commons.wikimedia.org/,"Starter/prototype record. Exact structure name, coordinates, condition, initiative and image should be verified from a primary source before academic publication.",India Water Portal traditional water-harvesting documentation; India Water Heritage Map; primary local/heritage records recommended for verification.,6,Cluster 6 - Moderate Rainfall
IWMS054,Pat System - representative site 54,Pat System,Madhya Pradesh,23.2055,77.40655,Representative regional coordinate - VERIFY before publication,Semi-arid/Monsoon,849,Red/black/alluvial,Small diversion structures route streamwater through channels to fields,hilly terrain; seasonal streams,Irrigation,gravity irrigation; low energy,Unknown,Local body/department,"Documented restoration, desilting, repair, community revival or heritage conservation; site-specific action must be verified.","Potentially linked to state/local water conservation, watershed, irrigation, rural water-supply or heritage programmes; verify scheme for each site.",Moderate,Groundwater-linked,High,91.3,66.8,Curated prototype / regional documentation,Prototype dataset - verify against primary source,https://commons.wikimedia.org/,"Starter/prototype record. Exact structure name, coordinates, condition, initiative and image should be verified from a primary source before academic publication.",India Water Portal traditional water-harvesting documentation; India Water Heritage Map; primary local/heritage records recommended for verification.,6,Cluster 6 - Moderate Rainfall
IWMS055,Chandela/Bundela Tank - representative site 55,Chandela/Bundela Tank,Madhya Pradesh,23.28205,77.44912,Representative regional coordinate - VERIFY before publication,Semi-arid/Monsoon,692,Red/black/alluvial,Large historic tanks capture monsoon runoff,Bundelkhand seasonality and agriculture,Irrigation / community water,storage; recharge; drought buffering,Unknown,Local body/department,"Documented restoration, desilting, repair, community revival or heritage conservation; site-specific action must be verified.","Potentially linked to state/local water conservation, watershed, irrigation, rural water-supply or heritage programmes; verify scheme for each site.",High,Groundwater-linked,High,65.4,75.9,Curated prototype / regional documentation,Prototype dataset - verify against primary source,https://commons.wikimedia.org/,"Starter/prototype record. Exact structure name, coordinates, condition, initiative and image should be verified from a primary source before academic publication.",India Water Portal traditional water-harvesting documentation; India Water Heritage Map; primary local/heritage records recommended for verification.,6,Cluster 6 - Moderate Rainfall
IWMS056,Virda - representative site 56,Virda,Gujarat,22.21856,71.17913,Representative regional coordinate - VERIFY before publication,Arid/coastal,472,Sandy/saline,Freshwater lenses in sandy terrain are accessed through shallow pits,Kutch water scarcity and saline surroundings,Drinking water,local freshwater access; simple construction,Needs restoration,Unknown,"Documented restoration, desilting, repair, community revival or heritage conservation; site-specific action must be verified.","Potentially linked to state/local water conservation, watershed, irrigation, rural water-supply or heritage programmes; verify scheme for each site.",Moderate,Surface,Unknown,55.8,54.5,Curated prototype / regional documentation,Prototype dataset - verify against primary source,https://commons.wikimedia.org/,"Starter/prototype record. Exact structure name, coordinates, condition, initiative and image should be verified from a primary source before academic publication.",India Water Portal traditional water-harvesting documentation; India Water Heritage Map; primary local/heritage records recommended for verification.,0,Cluster 0 - Low Rainfall
IWMS057,Karez - representative site 57,Karez,Rajasthan,26.25946,73.11998,Representative regional coordinate - VERIFY before publication,Arid,339,Sandy/loamy,Underground gallery conveys groundwater by gravity,arid climate; evaporation reduction,Domestic water / irrigation,gravity supply; low evaporation,Functional,Community-managed,"Documented restoration, desilting, repair, community revival or heritage conservation; site-specific action must be verified.","Potentially linked to state/local water conservation, watershed, irrigation, rural water-supply or heritage programmes; verify scheme for each site.",Low,Groundwater-linked,Moderate,88.6,67.6,Curated prototype / regional documentation,Prototype dataset - verify against primary source,https://commons.wikimedia.org/,"Starter/prototype record. Exact structure name, coordinates, condition, initiative and image should be verified from a primary source before academic publication.",India Water Portal traditional water-harvesting documentation; India Water Heritage Map; primary local/heritage records recommended for verification.,0,Cluster 0 - Low Rainfall
IWMS058,Zing - representative site 58,Zing,Ladakh,34.17912,77.51725,Representative regional coordinate - VERIFY before publication,Cold arid,140,Sandy/gravelly,Small storage collects seasonal glacial/snowmelt water,cold-arid agriculture dependent on meltwater,Agriculture / settlement water,seasonal storage; gravity distribution,Functional,Local body/department,"Documented restoration, desilting, repair, community revival or heritage conservation; site-specific action must be verified.","Potentially linked to state/local water conservation, watershed, irrigation, rural water-supply or heritage programmes; verify scheme for each site.",High,Underground,Low,61.7,83.3,Curated prototype / regional documentation,Prototype dataset - verify against primary source,https://commons.wikimedia.org/,"Starter/prototype record. Exact structure name, coordinates, condition, initiative and image should be verified from a primary source before academic publication.",India Water Portal traditional water-harvesting documentation; India Water Heritage Map; primary local/heritage records recommended for verification.,7,Cluster 7 - Moderate Rainfall
IWMS059,Cheruvu - representative site 59,Cheruvu,Telangana/Andhra Pradesh,16.52574,80.7095,Representative regional coordinate - VERIFY before publication,Semi-arid/Monsoon,708,Red/black/alluvial,Village tank stores runoff for irrigation/recharge,seasonal rainfall; agriculture,Irrigation / recharge,storage; recharge; flood moderation,Needs restoration,Community-managed,"Documented restoration, desilting, repair, community revival or heritage conservation; site-specific action must be verified.","Potentially linked to state/local water conservation, watershed, irrigation, rural water-supply or heritage programmes; verify scheme for each site.",Low,Underground,Unknown,70.9,47.9,Curated prototype / regional documentation,Prototype dataset - verify against primary source,https://commons.wikimedia.org/,"Starter/prototype record. Exact structure name, coordinates, condition, initiative and image should be verified from a primary source before academic publication.",India Water Portal traditional water-harvesting documentation; India Water Heritage Map; primary local/heritage records recommended for verification.,1,Cluster 1 - Moderate Rainfall
IWMS060,Jackwell - representative site 60,Jackwell,Andaman & Nicobar,11.7216,92.63824,Representative regional coordinate - VERIFY before publication,Humid tropical,3207,Alluvial/lateritic,Tree/canopy runoff collected and conveyed to pits/wells,island settlements; heavy rainfall,Local water supply,simple collection; local supply,Partially functional,Community-managed,"Documented restoration, desilting, repair, community revival or heritage conservation; site-specific action must be verified.","Potentially linked to state/local water conservation, watershed, irrigation, rural water-supply or heritage programmes; verify scheme for each site.",High,Underground,High,86.8,77.4,Curated prototype / regional documentation,Prototype dataset - verify against primary source,https://commons.wikimedia.org/,"Starter/prototype record. Exact structure name, coordinates, condition, initiative and image should be verified from a primary source before academic publication.",India Water Portal traditional water-harvesting documentation; India Water Heritage Map; primary local/heritage records recommended for verification.,4,Cluster 4 - Very High Rainfall
IWMS061,Stepwell - representative site 61,Stepwell,Rajasthan,26.26582,72.88986,Representative regional coordinate - VERIFY before publication,Semi-arid,722,Sandy/loamy,Groundwater access via deep stepped masonry; rainwater infiltration/storage,"community water supply, shade, social/religious use",Drinking water / community use,water access; passive cooling; durable structure,Needs restoration,Community-managed,"Documented restoration, desilting, repair, community revival or heritage conservation; site-specific action must be verified.","Potentially linked to state/local water conservation, watershed, irrigation, rural water-supply or heritage programmes; verify scheme for each site.",Moderate,Underground,High,89.0,57.6,Curated prototype / regional documentation,Prototype dataset - verify against primary source,https://commons.wikimedia.org/,"Starter/prototype record. Exact structure name, coordinates, condition, initiative and image should be verified from a primary source before academic publication.",India Water Portal traditional water-harvesting documentation; India Water Heritage Map; primary local/heritage records recommended for verification.,0,Cluster 0 - Low Rainfall
IWMS062,Johad - representative site 62,Johad,Rajasthan,26.32736,72.90533,Representative regional coordinate - VERIFY before publication,Arid/Semi-arid,585,Sandy/loamy,Earthen check dam captures monsoon runoff and promotes aquifer recharge,seasonal rainfall; livestock; agriculture; community water security,Groundwater recharge / livestock / agriculture,low cost; recharge; soil moisture; drought resilience,Unknown,Local body/department,"Documented restoration, desilting, repair, community revival or heritage conservation; site-specific action must be verified.","Potentially linked to state/local water conservation, watershed, irrigation, rural water-supply or heritage programmes; verify scheme for each site.",High,Integrated,Low,79.6,70.7,Curated prototype / regional documentation,Prototype dataset - verify against primary source,https://commons.wikimedia.org/,"Starter/prototype record. Exact structure name, coordinates, condition, initiative and image should be verified from a primary source before academic publication.",India Water Portal traditional water-harvesting documentation; India Water Heritage Map; primary local/heritage records recommended for verification.,0,Cluster 0 - Low Rainfall
IWMS063,Khadin - representative site 63,Khadin,Rajasthan,26.35071,73.06591,Representative regional coordinate - VERIFY before publication,Arid,369,Sandy/loamy,Earthen bund retains runoff on agricultural land and conserves soil moisture,very low rainfall; dryland farming,Dryland agriculture,runoff harvesting; crop moisture; no pumping required,Needs restoration,Heritage/site management,"Documented restoration, desilting, repair, community revival or heritage conservation; site-specific action must be verified.","Potentially linked to state/local water conservation, watershed, irrigation, rural water-supply or heritage programmes; verify scheme for each site.",Moderate,Surface,Low,90.3,61.7,Curated prototype / regional documentation,Prototype dataset - verify against primary source,https://commons.wikimedia.org/,"Starter/prototype record. Exact structure name, coordinates, condition, initiative and image should be verified from a primary source before academic publication.",India Water Portal traditional water-harvesting documentation; India Water Heritage Map; primary local/heritage records recommended for verification.,0,Cluster 0 - Low Rainfall
IWMS064,Tanka - representative site 64,Tanka,Rajasthan,26.18853,72.99153,Representative regional coordinate - VERIFY before publication,Arid,406,Sandy/loamy,Roof/courtyard runoff stored in underground tank,scarce rainfall; potable-water security,Drinking water / household storage,low evaporation; household storage; dry-season supply,Unknown,Heritage/site management,"Documented restoration, desilting, repair, community revival or heritage conservation; site-specific action must be verified.","Potentially linked to state/local water conservation, watershed, irrigation, rural water-supply or heritage programmes; verify scheme for each site.",High,Underground,Moderate,74.5,65.8,Curated prototype / regional documentation,Prototype dataset - verify against primary source,https://commons.wikimedia.org/,"Starter/prototype record. Exact structure name, coordinates, condition, initiative and image should be verified from a primary source before academic publication.",India Water Portal traditional water-harvesting documentation; India Water Heritage Map; primary local/heritage records recommended for verification.,0,Cluster 0 - Low Rainfall
IWMS065,Kund - representative site 65,Kund,Rajasthan,26.21516,72.942,Representative regional coordinate - VERIFY before publication,Arid,321,Sandy/loamy,Catchment runoff directed into lined storage depression,desert settlements; rainfall scarcity,Drinking water / storage,protected storage; efficient collection,Needs restoration,Community-managed,"Documented restoration, desilting, repair, community revival or heritage conservation; site-specific action must be verified.","Potentially linked to state/local water conservation, watershed, irrigation, rural water-supply or heritage programmes; verify scheme for each site.",High,Groundwater-linked,High,64.7,66.4,Curated prototype / regional documentation,Prototype dataset - verify against primary source,https://commons.wikimedia.org/,"Starter/prototype record. Exact structure name, coordinates, condition, initiative and image should be verified from a primary source before academic publication.",India Water Portal traditional water-harvesting documentation; India Water Heritage Map; primary local/heritage records recommended for verification.,0,Cluster 0 - Low Rainfall
IWMS066,Nadi - representative site 66,Nadi,Rajasthan,26.22754,73.01324,Representative regional coordinate - VERIFY before publication,Arid,311,Sandy/loamy,Village depression/pond stores seasonal runoff,livestock and village water needs,Livestock / community water,simple storage; recharge; multiple uses,Unknown,Unknown,"Documented restoration, desilting, repair, community revival or heritage conservation; site-specific action must be verified.","Potentially linked to state/local water conservation, watershed, irrigation, rural water-supply or heritage programmes; verify scheme for each site.",High,Surface,High,66.8,70.9,Curated prototype / regional documentation,Prototype dataset - verify against primary source,https://commons.wikimedia.org/,"Starter/prototype record. Exact structure name, coordinates, condition, initiative and image should be verified from a primary source before academic publication.",India Water Portal traditional water-harvesting documentation; India Water Heritage Map; primary local/heritage records recommended for verification.,0,Cluster 0 - Low Rainfall
IWMS067,Jhalara - representative site 67,Jhalara,Rajasthan,26.22706,72.93839,Representative regional coordinate - VERIFY before publication,Arid/Semi-arid,697,Sandy/loamy,Stepped masonry reservoir provides access to stored water/groundwater,community and cultural use in dry climate,Community water / cultural use,water access; shade; durable masonry,Unknown,Heritage/site management,"Documented restoration, desilting, repair, community revival or heritage conservation; site-specific action must be verified.","Potentially linked to state/local water conservation, watershed, irrigation, rural water-supply or heritage programmes; verify scheme for each site.",Moderate,Integrated,Low,69.1,61.9,Curated prototype / regional documentation,Prototype dataset - verify against primary source,https://commons.wikimedia.org/,"Starter/prototype record. Exact structure name, coordinates, condition, initiative and image should be verified from a primary source before academic publication.",India Water Portal traditional water-harvesting documentation; India Water Heritage Map; primary local/heritage records recommended for verification.,0,Cluster 0 - Low Rainfall
IWMS068,Baoli/Baori - representative site 68,Baoli/Baori,Rajasthan,26.2389,72.95359,Representative regional coordinate - VERIFY before publication,Arid/Semi-arid,518,Sandy/loamy,Stepped well provides access to deep water,hot climate; settlement water supply,Drinking water / community use,storage/access; cooling; community use,Partially functional,Heritage/site management,"Documented restoration, desilting, repair, community revival or heritage conservation; site-specific action must be verified.","Potentially linked to state/local water conservation, watershed, irrigation, rural water-supply or heritage programmes; verify scheme for each site.",Low,Integrated,Moderate,62.7,51.2,Curated prototype / regional documentation,Prototype dataset - verify against primary source,https://commons.wikimedia.org/,"Starter/prototype record. Exact structure name, coordinates, condition, initiative and image should be verified from a primary source before academic publication.",India Water Portal traditional water-harvesting documentation; India Water Heritage Map; primary local/heritage records recommended for verification.,0,Cluster 0 - Low Rainfall
IWMS069,Ahar-Pyne - representative site 69,Ahar-Pyne,Bihar,24.80727,84.94636,Representative regional coordinate - VERIFY before publication,Sub-humid monsoon,1201,Alluvial,Pynes divert floodwater into ahar storage basins and fields,seasonal floods and agriculture in South Bihar,Irrigation / floodwater management,flood management; irrigation; silt deposition,Needs restoration,Community-managed,"Documented restoration, desilting, repair, community revival or heritage conservation; site-specific action must be verified.","Potentially linked to state/local water conservation, watershed, irrigation, rural water-supply or heritage programmes; verify scheme for each site.",High,Underground,Moderate,69.4,70.2,Curated prototype / regional documentation,Prototype dataset - verify against primary source,https://commons.wikimedia.org/,"Starter/prototype record. Exact structure name, coordinates, condition, initiative and image should be verified from a primary source before academic publication.",India Water Portal traditional water-harvesting documentation; India Water Heritage Map; primary local/heritage records recommended for verification.,5,Cluster 5 - High Rainfall
IWMS070,Kuhl - representative site 70,Kuhl,Himachal Pradesh,31.70254,77.19992,Representative regional coordinate - VERIFY before publication,Mountain,1029,Mountain/alluvial,Gravity channel diverts stream/snowmelt water to fields,mountain terrain; seasonal flows,Irrigation,gravity irrigation; low energy,Functional,Community-managed,"Documented restoration, desilting, repair, community revival or heritage conservation; site-specific action must be verified.","Potentially linked to state/local water conservation, watershed, irrigation, rural water-supply or heritage programmes; verify scheme for each site.",Moderate,Groundwater-linked,Unknown,59.1,75.6,Curated prototype / regional documentation,Prototype dataset - verify against primary source,https://commons.wikimedia.org/,"Starter/prototype record. Exact structure name, coordinates, condition, initiative and image should be verified from a primary source before academic publication.",India Water Portal traditional water-harvesting documentation; India Water Heritage Map; primary local/heritage records recommended for verification.,7,Cluster 7 - Moderate Rainfall
IWMS071,Apatani - representative site 71,Apatani,Arunachal Pradesh,27.43294,93.76824,Representative regional coordinate - VERIFY before publication,Humid mountain,1990,Mountain/lateritic,Terraced fields regulate/reuse stream water for integrated agriculture,high rainfall; valley agriculture,Integrated agriculture,water efficiency; erosion control; integrated farming,Needs restoration,Local body/department,"Documented restoration, desilting, repair, community revival or heritage conservation; site-specific action must be verified.","Potentially linked to state/local water conservation, watershed, irrigation, rural water-supply or heritage programmes; verify scheme for each site.",Moderate,Underground,Unknown,59.6,63.1,Curated prototype / regional documentation,Prototype dataset - verify against primary source,https://commons.wikimedia.org/,"Starter/prototype record. Exact structure name, coordinates, condition, initiative and image should be verified from a primary source before academic publication.",India Water Portal traditional water-harvesting documentation; India Water Heritage Map; primary local/heritage records recommended for verification.,2,Cluster 2 - Very High Rainfall
IWMS072,Zabo - representative site 72,Zabo,Nagaland,25.56568,94.11802,Representative regional coordinate - VERIFY before publication,Humid mountain,2090,Mountain/lateritic,Runoff from forested hills collected and routed through ponds/fields,high rainfall; steep terrain; integrated farming,Agriculture / livestock,multi-use water; erosion control; reuse,Functional,Local body/department,"Documented restoration, desilting, repair, community revival or heritage conservation; site-specific action must be verified.","Potentially linked to state/local water conservation, watershed, irrigation, rural water-supply or heritage programmes; verify scheme for each site.",High,Integrated,Low,58.4,79.5,Curated prototype / regional documentation,Prototype dataset - verify against primary source,https://commons.wikimedia.org/,"Starter/prototype record. Exact structure name, coordinates, condition, initiative and image should be verified from a primary source before academic publication.",India Water Portal traditional water-harvesting documentation; India Water Heritage Map; primary local/heritage records recommended for verification.,2,Cluster 2 - Very High Rainfall
IWMS073,Bamboo Drip Irrigation - representative site 73,Bamboo Drip Irrigation,Meghalaya,25.51957,91.90394,Representative regional coordinate - VERIFY before publication,Humid mountain,1926,Mountain/lateritic,Bamboo channels convey small controlled flows from springs/streams,steep terrain; smallholder agriculture,Smallholder irrigation,low-cost; gravity-fed; precise delivery,Partially functional,Unknown,"Documented restoration, desilting, repair, community revival or heritage conservation; site-specific action must be verified.","Potentially linked to state/local water conservation, watershed, irrigation, rural water-supply or heritage programmes; verify scheme for each site.",High,Channel/diversion,Low,89.4,74.4,Curated prototype / regional documentation,Prototype dataset - verify against primary source,https://commons.wikimedia.org/,"Starter/prototype record. Exact structure name, coordinates, condition, initiative and image should be verified from a primary source before academic publication.",India Water Portal traditional water-harvesting documentation; India Water Heritage Map; primary local/heritage records recommended for verification.,2,Cluster 2 - Very High Rainfall
IWMS074,Kere - representative site 74,Kere,Karnataka,15.43761,75.66329,Representative regional coordinate - VERIFY before publication,Semi-arid/Monsoon,680,Red/black/alluvial,Village tank stores runoff for irrigation and recharge,seasonal rainfall; agriculture,Irrigation / recharge,storage; recharge; flood moderation,Functional,Local body/department,"Documented restoration, desilting, repair, community revival or heritage conservation; site-specific action must be verified.","Potentially linked to state/local water conservation, watershed, irrigation, rural water-supply or heritage programmes; verify scheme for each site.",High,Underground,High,61.3,85.3,Curated prototype / regional documentation,Prototype dataset - verify against primary source,https://commons.wikimedia.org/,"Starter/prototype record. Exact structure name, coordinates, condition, initiative and image should be verified from a primary source before academic publication.",India Water Portal traditional water-harvesting documentation; India Water Heritage Map; primary local/heritage records recommended for verification.,1,Cluster 1 - Moderate Rainfall
IWMS075,Kalyani - representative site 75,Kalyani,Karnataka,15.24172,75.60802,Representative regional coordinate - VERIFY before publication,Semi-arid/Monsoon,651,Red/black/alluvial,Masonry temple tank stores rain/runoff and interacts with groundwater,temple/community use; seasonal water,Community/cultural water,storage; cultural use; recharge,Unknown,Unknown,"Documented restoration, desilting, repair, community revival or heritage conservation; site-specific action must be verified.","Potentially linked to state/local water conservation, watershed, irrigation, rural water-supply or heritage programmes; verify scheme for each site.",Moderate,Groundwater-linked,Low,83.3,60.2,Curated prototype / regional documentation,Prototype dataset - verify against primary source,https://commons.wikimedia.org/,"Starter/prototype record. Exact structure name, coordinates, condition, initiative and image should be verified from a primary source before academic publication.",India Water Portal traditional water-harvesting documentation; India Water Heritage Map; primary local/heritage records recommended for verification.,1,Cluster 1 - Moderate Rainfall
IWMS076,Katta - representative site 76,Katta,Karnataka,15.36872,75.69897,Representative regional coordinate - VERIFY before publication,Semi-arid/Monsoon,769,Red/black/alluvial,Small check dam slows and stores stream/runoff,seasonal streams; agriculture,Irrigation / recharge,recharge; irrigation; low cost,Partially functional,Unknown,"Documented restoration, desilting, repair, community revival or heritage conservation; site-specific action must be verified.","Potentially linked to state/local water conservation, watershed, irrigation, rural water-supply or heritage programmes; verify scheme for each site.",Moderate,Groundwater-linked,Moderate,91.3,61.6,Curated prototype / regional documentation,Prototype dataset - verify against primary source,https://commons.wikimedia.org/,"Starter/prototype record. Exact structure name, coordinates, condition, initiative and image should be verified from a primary source before academic publication.",India Water Portal traditional water-harvesting documentation; India Water Heritage Map; primary local/heritage records recommended for verification.,1,Cluster 1 - Moderate Rainfall
IWMS077,Eri - representative site 77,Eri,Tamil Nadu,11.20839,78.55714,Representative regional coordinate - VERIFY before publication,Semi-arid/Monsoon,734,Red/black/alluvial,Interconnected tank network stores monsoon runoff and releases it for irrigation,seasonal monsoon; agriculture,Irrigation / recharge,storage; recharge; flood moderation,Needs restoration,Unknown,"Documented restoration, desilting, repair, community revival or heritage conservation; site-specific action must be verified.","Potentially linked to state/local water conservation, watershed, irrigation, rural water-supply or heritage programmes; verify scheme for each site.",Moderate,Underground,Unknown,92.7,53.0,Curated prototype / regional documentation,Prototype dataset - verify against primary source,https://commons.wikimedia.org/,"Starter/prototype record. Exact structure name, coordinates, condition, initiative and image should be verified from a primary source before academic publication.",India Water Portal traditional water-harvesting documentation; India Water Heritage Map; primary local/heritage records recommended for verification.,1,Cluster 1 - Moderate Rainfall
IWMS078,Oorani - representative site 78,Oorani,Tamil Nadu,11.13011,78.65851,Representative regional coordinate - VERIFY before publication,Semi-arid/Monsoon,691,Red/black/alluvial,Village pond collects and stores rainwater,drinking/community water needs,Drinking water / community use,local storage; recharge,Functional,Unknown,"Documented restoration, desilting, repair, community revival or heritage conservation; site-specific action must be verified.","Potentially linked to state/local water conservation, watershed, irrigation, rural water-supply or heritage programmes; verify scheme for each site.",High,Integrated,Low,56.0,86.6,Curated prototype / regional documentation,Prototype dataset - verify against primary source,https://commons.wikimedia.org/,"Starter/prototype record. Exact structure name, coordinates, condition, initiative and image should be verified from a primary source before academic publication.",India Water Portal traditional water-harvesting documentation; India Water Heritage Map; primary local/heritage records recommended for verification.,1,Cluster 1 - Moderate Rainfall
IWMS079,Surangam - representative site 79,Surangam,Kerala,10.78494,76.31183,Representative regional coordinate - VERIFY before publication,Humid lateritic,2978,Lateritic,Horizontal groundwater tunnel drains water by gravity,lateritic hills; spring/groundwater access,Domestic water / irrigation,gravity supply; low evaporation; low energy,Functional,Heritage/site management,"Documented restoration, desilting, repair, community revival or heritage conservation; site-specific action must be verified.","Potentially linked to state/local water conservation, watershed, irrigation, rural water-supply or heritage programmes; verify scheme for each site.",High,Groundwater-linked,Unknown,75.8,84.7,Curated prototype / regional documentation,Prototype dataset - verify against primary source,https://commons.wikimedia.org/,"Starter/prototype record. Exact structure name, coordinates, condition, initiative and image should be verified from a primary source before academic publication.",India Water Portal traditional water-harvesting documentation; India Water Heritage Map; primary local/heritage records recommended for verification.,3,Cluster 3 - Very High Rainfall
IWMS080,Korambu - representative site 80,Korambu,Kerala,10.83614,76.21676,Representative regional coordinate - VERIFY before publication,Humid monsoon,2998,Lateritic/alluvial,Temporary river-bank barrier diverts water toward fields,seasonal river flow; paddy farming,Paddy irrigation,low-cost diversion; irrigation,Unknown,Community-managed,"Documented restoration, desilting, repair, community revival or heritage conservation; site-specific action must be verified.","Potentially linked to state/local water conservation, watershed, irrigation, rural water-supply or heritage programmes; verify scheme for each site.",Moderate,Channel/diversion,Low,67.8,62.4,Curated prototype / regional documentation,Prototype dataset - verify against primary source,https://commons.wikimedia.org/,"Starter/prototype record. Exact structure name, coordinates, condition, initiative and image should be verified from a primary source before academic publication.",India Water Portal traditional water-harvesting documentation; India Water Heritage Map; primary local/heritage records recommended for verification.,3,Cluster 3 - Very High Rainfall
IWMS081,Phad - representative site 81,Phad,Maharashtra,19.6551,75.6286,Representative regional coordinate - VERIFY before publication,Semi-arid/Monsoon,860,Red/black/alluvial,Diversion weir and channel network distributes river water to farm blocks,seasonal rivers; community irrigation,Irrigation,gravity irrigation; shared allocation,Unknown,Heritage/site management,"Documented restoration, desilting, repair, community revival or heritage conservation; site-specific action must be verified.","Potentially linked to state/local water conservation, watershed, irrigation, rural water-supply or heritage programmes; verify scheme for each site.",High,Channel/diversion,High,73.2,73.5,Curated prototype / regional documentation,Prototype dataset - verify against primary source,https://commons.wikimedia.org/,"Starter/prototype record. Exact structure name, coordinates, condition, initiative and image should be verified from a primary source before academic publication.",India Water Portal traditional water-harvesting documentation; India Water Heritage Map; primary local/heritage records recommended for verification.,6,Cluster 6 - Moderate Rainfall
IWMS082,Bhandara - representative site 82,Bhandara,Maharashtra,19.70548,75.66759,Representative regional coordinate - VERIFY before publication,Semi-arid/Monsoon,856,Red/black/alluvial,Low diversion structure raises/diverts river water,seasonal river flows; agriculture,Irrigation,simple diversion; gravity irrigation,Functional,Unknown,"Documented restoration, desilting, repair, community revival or heritage conservation; site-specific action must be verified.","Potentially linked to state/local water conservation, watershed, irrigation, rural water-supply or heritage programmes; verify scheme for each site.",High,Groundwater-linked,Low,79.9,82.7,Curated prototype / regional documentation,Prototype dataset - verify against primary source,https://commons.wikimedia.org/,"Starter/prototype record. Exact structure name, coordinates, condition, initiative and image should be verified from a primary source before academic publication.",India Water Portal traditional water-harvesting documentation; India Water Heritage Map; primary local/heritage records recommended for verification.,6,Cluster 6 - Moderate Rainfall
IWMS083,Ramtek Model - representative site 83,Ramtek Model,Maharashtra,19.74964,75.69609,Representative regional coordinate - VERIFY before publication,Semi-arid/Monsoon,676,Red/black/alluvial,Tank cascade/catchment management stores and transfers runoff,monsoon variability; agriculture,Irrigation / recharge,storage cascade; recharge; runoff control,Needs restoration,Local body/department,"Documented restoration, desilting, repair, community revival or heritage conservation; site-specific action must be verified.","Potentially linked to state/local water conservation, watershed, irrigation, rural water-supply or heritage programmes; verify scheme for each site.",Low,Channel/diversion,Unknown,59.9,52.1,Curated prototype / regional documentation,Prototype dataset - verify against primary source,https://commons.wikimedia.org/,"Starter/prototype record. Exact structure name, coordinates, condition, initiative and image should be verified from a primary source before academic publication.",India Water Portal traditional water-harvesting documentation; India Water Heritage Map; primary local/heritage records recommended for verification.,6,Cluster 6 - Moderate Rainfall
IWMS084,Pat System - representative site 84,Pat System,Madhya Pradesh,23.37356,77.43613,Representative regional coordinate - VERIFY before publication,Semi-arid/Monsoon,772,Red/black/alluvial,Small diversion structures route streamwater through channels to fields,hilly terrain; seasonal streams,Irrigation,gravity irrigation; low energy,Partially functional,Heritage/site management,"Documented restoration, desilting, repair, community revival or heritage conservation; site-specific action must be verified.","Potentially linked to state/local water conservation, watershed, irrigation, rural water-supply or heritage programmes; verify scheme for each site.",High,Integrated,Unknown,58.7,75.6,Curated prototype / regional documentation,Prototype dataset - verify against primary source,https://commons.wikimedia.org/,"Starter/prototype record. Exact structure name, coordinates, condition, initiative and image should be verified from a primary source before academic publication.",India Water Portal traditional water-harvesting documentation; India Water Heritage Map; primary local/heritage records recommended for verification.,6,Cluster 6 - Moderate Rainfall
IWMS085,Chandela/Bundela Tank - representative site 85,Chandela/Bundela Tank,Madhya Pradesh,23.37814,77.5091,Representative regional coordinate - VERIFY before publication,Semi-arid/Monsoon,886,Red/black/alluvial,Large historic tanks capture monsoon runoff,Bundelkhand seasonality and agriculture,Irrigation / community water,storage; recharge; drought buffering,Partially functional,Unknown,"Documented restoration, desilting, repair, community revival or heritage conservation; site-specific action must be verified.","Potentially linked to state/local water conservation, watershed, irrigation, rural water-supply or heritage programmes; verify scheme for each site.",Low,Underground,Low,71.6,60.9,Curated prototype / regional documentation,Prototype dataset - verify against primary source,https://commons.wikimedia.org/,"Starter/prototype record. Exact structure name, coordinates, condition, initiative and image should be verified from a primary source before academic publication.",India Water Portal traditional water-harvesting documentation; India Water Heritage Map; primary local/heritage records recommended for verification.,6,Cluster 6 - Moderate Rainfall
IWMS086,Virda - representative site 86,Virda,Gujarat,22.2558,71.18333,Representative regional coordinate - VERIFY before publication,Arid/coastal,533,Sandy/saline,Freshwater lenses in sandy terrain are accessed through shallow pits,Kutch water scarcity and saline surroundings,Drinking water,local freshwater access; simple construction,Partially functional,Unknown,"Documented restoration, desilting, repair, community revival or heritage conservation; site-specific action must be verified.","Potentially linked to state/local water conservation, watershed, irrigation, rural water-supply or heritage programmes; verify scheme for each site.",High,Integrated,Moderate,89.6,71.3,Curated prototype / regional documentation,Prototype dataset - verify against primary source,https://commons.wikimedia.org/,"Starter/prototype record. Exact structure name, coordinates, condition, initiative and image should be verified from a primary source before academic publication.",India Water Portal traditional water-harvesting documentation; India Water Heritage Map; primary local/heritage records recommended for verification.,0,Cluster 0 - Low Rainfall
IWMS087,Karez - representative site 87,Karez,Rajasthan,26.1963,73.0696,Representative regional coordinate - VERIFY before publication,Arid,356,Sandy/loamy,Underground gallery conveys groundwater by gravity,arid climate; evaporation reduction,Domestic water / irrigation,gravity supply; low evaporation,Needs restoration,Community-managed,"Documented restoration, desilting, repair, community revival or heritage conservation; site-specific action must be verified.","Potentially linked to state/local water conservation, watershed, irrigation, rural water-supply or heritage programmes; verify scheme for each site.",Moderate,Underground,Unknown,89.6,54.9,Curated prototype / regional documentation,Prototype dataset - verify against primary source,https://commons.wikimedia.org/,"Starter/prototype record. Exact structure name, coordinates, condition, initiative and image should be verified from a primary source before academic publication.",India Water Portal traditional water-harvesting documentation; India Water Heritage Map; primary local/heritage records recommended for verification.,0,Cluster 0 - Low Rainfall
IWMS088,Zing - representative site 88,Zing,Ladakh,34.13717,77.57624,Representative regional coordinate - VERIFY before publication,Cold arid,122,Sandy/gravelly,Small storage collects seasonal glacial/snowmelt water,cold-arid agriculture dependent on meltwater,Agriculture / settlement water,seasonal storage; gravity distribution,Unknown,Unknown,"Documented restoration, desilting, repair, community revival or heritage conservation; site-specific action must be verified.","Potentially linked to state/local water conservation, watershed, irrigation, rural water-supply or heritage programmes; verify scheme for each site.",High,Groundwater-linked,Moderate,77.9,76.7,Curated prototype / regional documentation,Prototype dataset - verify against primary source,https://commons.wikimedia.org/,"Starter/prototype record. Exact structure name, coordinates, condition, initiative and image should be verified from a primary source before academic publication.",India Water Portal traditional water-harvesting documentation; India Water Heritage Map; primary local/heritage records recommended for verification.,7,Cluster 7 - Moderate Rainfall
IWMS089,Cheruvu - representative site 89,Cheruvu,Telangana/Andhra Pradesh,16.43605,80.71613,Representative regional coordinate - VERIFY before publication,Semi-arid/Monsoon,672,Red/black/alluvial,Village tank stores runoff for irrigation/recharge,seasonal rainfall; agriculture,Irrigation / recharge,storage; recharge; flood moderation,Unknown,Unknown,"Documented restoration, desilting, repair, community revival or heritage conservation; site-specific action must be verified.","Potentially linked to state/local water conservation, watershed, irrigation, rural water-supply or heritage programmes; verify scheme for each site.",Moderate,Groundwater-linked,Unknown,93.6,61.4,Curated prototype / regional documentation,Prototype dataset - verify against primary source,https://commons.wikimedia.org/,"Starter/prototype record. Exact structure name, coordinates, condition, initiative and image should be verified from a primary source before academic publication.",India Water Portal traditional water-harvesting documentation; India Water Heritage Map; primary local/heritage records recommended for verification.,1,Cluster 1 - Moderate Rainfall
IWMS090,Jackwell - representative site 90,Jackwell,Andaman & Nicobar,11.5803,92.85168,Representative regional coordinate - VERIFY before publication,Humid tropical,2839,Alluvial/lateritic,Tree/canopy runoff collected and conveyed to pits/wells,island settlements; heavy rainfall,Local water supply,simple collection; local supply,Unknown,Community-managed,"Documented restoration, desilting, repair, community revival or heritage conservation; site-specific action must be verified.","Potentially linked to state/local water conservation, watershed, irrigation, rural water-supply or heritage programmes; verify scheme for each site.",Low,Channel/diversion,High,83.9,52.6,Curated prototype / regional documentation,Prototype dataset - verify against primary source,https://commons.wikimedia.org/,"Starter/prototype record. Exact structure name, coordinates, condition, initiative and image should be verified from a primary source before academic publication.",India Water Portal traditional water-harvesting documentation; India Water Heritage Map; primary local/heritage records recommended for verification.,4,Cluster 4 - Very High Rainfall
IWMS091,Stepwell - representative site 91,Stepwell,Rajasthan,26.22839,73.03715,Representative regional coordinate - VERIFY before publication,Semi-arid,529,Sandy/loamy,Groundwater access via deep stepped masonry; rainwater infiltration/storage,"community water supply, shade, social/religious use",Drinking water / community use,water access; passive cooling; durable structure,Unknown,Heritage/site management,"Documented restoration, desilting, repair, community revival or heritage conservation; site-specific action must be verified.","Potentially linked to state/local water conservation, watershed, irrigation, rural water-supply or heritage programmes; verify scheme for each site.",Low,Channel/diversion,High,89.1,50.3,Curated prototype / regional documentation,Prototype dataset - verify against primary source,https://commons.wikimedia.org/,"Starter/prototype record. Exact structure name, coordinates, condition, initiative and image should be verified from a primary source before academic publication.",India Water Portal traditional water-harvesting documentation; India Water Heritage Map; primary local/heritage records recommended for verification.,0,Cluster 0 - Low Rainfall
IWMS092,Johad - representative site 92,Johad,Rajasthan,26.33456,73.08624,Representative regional coordinate - VERIFY before publication,Arid/Semi-arid,594,Sandy/loamy,Earthen check dam captures monsoon runoff and promotes aquifer recharge,seasonal rainfall; livestock; agriculture; community water security,Groundwater recharge / livestock / agriculture,low cost; recharge; soil moisture; drought resilience,Unknown,Community-managed,"Documented restoration, desilting, repair, community revival or heritage conservation; site-specific action must be verified.","Potentially linked to state/local water conservation, watershed, irrigation, rural water-supply or heritage programmes; verify scheme for each site.",Moderate,Groundwater-linked,Low,94.9,64.2,Curated prototype / regional documentation,Prototype dataset - verify against primary source,https://commons.wikimedia.org/,"Starter/prototype record. Exact structure name, coordinates, condition, initiative and image should be verified from a primary source before academic publication.",India Water Portal traditional water-harvesting documentation; India Water Heritage Map; primary local/heritage records recommended for verification.,0,Cluster 0 - Low Rainfall
IWMS093,Khadin - representative site 93,Khadin,Rajasthan,26.30922,72.98415,Representative regional coordinate - VERIFY before publication,Arid,275,Sandy/loamy,Earthen bund retains runoff on agricultural land and conserves soil moisture,very low rainfall; dryland farming,Dryland agriculture,runoff harvesting; crop moisture; no pumping required,Functional,Unknown,"Documented restoration, desilting, repair, community revival or heritage conservation; site-specific action must be verified.","Potentially linked to state/local water conservation, watershed, irrigation, rural water-supply or heritage programmes; verify scheme for each site.",High,Underground,High,56.8,79.7,Curated prototype / regional documentation,Prototype dataset - verify against primary source,https://commons.wikimedia.org/,"Starter/prototype record. Exact structure name, coordinates, condition, initiative and image should be verified from a primary source before academic publication.",India Water Portal traditional water-harvesting documentation; India Water Heritage Map; primary local/heritage records recommended for verification.,0,Cluster 0 - Low Rainfall
IWMS094,Tanka - representative site 94,Tanka,Rajasthan,26.32107,72.95041,Representative regional coordinate - VERIFY before publication,Arid,345,Sandy/loamy,Roof/courtyard runoff stored in underground tank,scarce rainfall; potable-water security,Drinking water / household storage,low evaporation; household storage; dry-season supply,Partially functional,Local body/department,"Documented restoration, desilting, repair, community revival or heritage conservation; site-specific action must be verified.","Potentially linked to state/local water conservation, watershed, irrigation, rural water-supply or heritage programmes; verify scheme for each site.",Moderate,Integrated,Moderate,61.8,66.6,Curated prototype / regional documentation,Prototype dataset - verify against primary source,https://commons.wikimedia.org/,"Starter/prototype record. Exact structure name, coordinates, condition, initiative and image should be verified from a primary source before academic publication.",India Water Portal traditional water-harvesting documentation; India Water Heritage Map; primary local/heritage records recommended for verification.,0,Cluster 0 - Low Rainfall
IWMS095,Kund - representative site 95,Kund,Rajasthan,26.14895,73.089,Representative regional coordinate - VERIFY before publication,Arid,408,Sandy/loamy,Catchment runoff directed into lined storage depression,desert settlements; rainfall scarcity,Drinking water / storage,protected storage; efficient collection,Partially functional,Unknown,"Documented restoration, desilting, repair, community revival or heritage conservation; site-specific action must be verified.","Potentially linked to state/local water conservation, watershed, irrigation, rural water-supply or heritage programmes; verify scheme for each site.",High,Groundwater-linked,Moderate,73.4,80.0,Curated prototype / regional documentation,Prototype dataset - verify against primary source,https://commons.wikimedia.org/,"Starter/prototype record. Exact structure name, coordinates, condition, initiative and image should be verified from a primary source before academic publication.",India Water Portal traditional water-harvesting documentation; India Water Heritage Map; primary local/heritage records recommended for verification.,0,Cluster 0 - Low Rainfall
IWMS096,Nadi - representative site 96,Nadi,Rajasthan,26.19095,72.94128,Representative regional coordinate - VERIFY before publication,Arid,252,Sandy/loamy,Village depression/pond stores seasonal runoff,livestock and village water needs,Livestock / community water,simple storage; recharge; multiple uses,Needs restoration,Local body/department,"Documented restoration, desilting, repair, community revival or heritage conservation; site-specific action must be verified.","Potentially linked to state/local water conservation, watershed, irrigation, rural water-supply or heritage programmes; verify scheme for each site.",Moderate,Underground,Low,80.6,52.4,Curated prototype / regional documentation,Prototype dataset - verify against primary source,https://commons.wikimedia.org/,"Starter/prototype record. Exact structure name, coordinates, condition, initiative and image should be verified from a primary source before academic publication.",India Water Portal traditional water-harvesting documentation; India Water Heritage Map; primary local/heritage records recommended for verification.,0,Cluster 0 - Low Rainfall
IWMS097,Jhalara - representative site 97,Jhalara,Rajasthan,26.23183,72.94002,Representative regional coordinate - VERIFY before publication,Arid/Semi-arid,554,Sandy/loamy,Stepped masonry reservoir provides access to stored water/groundwater,community and cultural use in dry climate,Community water / cultural use,water access; shade; durable masonry,Unknown,Unknown,"Documented restoration, desilting, repair, community revival or heritage conservation; site-specific action must be verified.","Potentially linked to state/local water conservation, watershed, irrigation, rural water-supply or heritage programmes; verify scheme for each site.",Low,Channel/diversion,Low,78.0,47.5,Curated prototype / regional documentation,Prototype dataset - verify against primary source,https://commons.wikimedia.org/,"Starter/prototype record. Exact structure name, coordinates, condition, initiative and image should be verified from a primary source before academic publication.",India Water Portal traditional water-harvesting documentation; India Water Heritage Map; primary local/heritage records recommended for verification.,0,Cluster 0 - Low Rainfall
IWMS098,Baoli/Baori - representative site 98,Baoli/Baori,Rajasthan,26.36825,72.95086,Representative regional coordinate - VERIFY before publication,Arid/Semi-arid,602,Sandy/loamy,Stepped well provides access to deep water,hot climate; settlement water supply,Drinking water / community use,storage/access; cooling; community use,Functional,Community-managed,"Documented restoration, desilting, repair, community revival or heritage conservation; site-specific action must be verified.","Potentially linked to state/local water conservation, watershed, irrigation, rural water-supply or heritage programmes; verify scheme for each site.",Moderate,Channel/diversion,Low,86.0,79.9,Curated prototype / regional documentation,Prototype dataset - verify against primary source,https://commons.wikimedia.org/,"Starter/prototype record. Exact structure name, coordinates, condition, initiative and image should be verified from a primary source before academic publication.",India Water Portal traditional water-harvesting documentation; India Water Heritage Map; primary local/heritage records recommended for verification.,0,Cluster 0 - Low Rainfall
IWMS099,Ahar-Pyne - representative site 99,Ahar-Pyne,Bihar,24.68523,85.07246,Representative regional coordinate - VERIFY before publication,Sub-humid monsoon,1012,Alluvial,Pynes divert floodwater into ahar storage basins and fields,seasonal floods and agriculture in South Bihar,Irrigation / floodwater management,flood management; irrigation; silt deposition,Partially functional,Heritage/site management,"Documented restoration, desilting, repair, community revival or heritage conservation; site-specific action must be verified.","Potentially linked to state/local water conservation, watershed, irrigation, rural water-supply or heritage programmes; verify scheme for each site.",High,Groundwater-linked,High,91.1,77.1,Curated prototype / regional documentation,Prototype dataset - verify against primary source,https://commons.wikimedia.org/,"Starter/prototype record. Exact structure name, coordinates, condition, initiative and image should be verified from a primary source before academic publication.",India Water Portal traditional water-harvesting documentation; India Water Heritage Map; primary local/heritage records recommended for verification.,5,Cluster 5 - High Rainfall
IWMS100,Kuhl - representative site 100,Kuhl,Himachal Pradesh,31.78512,77.10414,Representative regional coordinate - VERIFY before publication,Mountain,1351,Mountain/alluvial,Gravity channel diverts stream/snowmelt water to fields,mountain terrain; seasonal flows,Irrigation,gravity irrigation; low energy,Needs restoration,Local body/department,"Documented restoration, desilting, repair, community revival or heritage conservation; site-specific action must be verified.","Potentially linked to state/local water conservation, watershed, irrigation, rural water-supply or heritage programmes; verify scheme for each site.",Low,Underground,Low,84.9,42.1,Curated prototype / regional documentation,Prototype dataset - verify against primary source,https://commons.wikimedia.org/,"Starter/prototype record. Exact structure name, coordinates, condition, initiative and image should be verified from a primary source before academic publication.",India Water Portal traditional water-harvesting documentation; India Water Heritage Map; primary local/heritage records recommended for verification.,7,Cluster 7 - Moderate Rainfall
IWMS101,Apatani - representative site 101,Apatani,Arunachal Pradesh,27.47215,93.73172,Representative regional coordinate - VERIFY before publication,Humid mountain,2052,Mountain/lateritic,Terraced fields regulate/reuse stream water for integrated agriculture,high rainfall; valley agriculture,Integrated agriculture,water efficiency; erosion control; integrated farming,Needs restoration,Local body/department,"Documented restoration, desilting, repair, community revival or heritage conservation; site-specific action must be verified.","Potentially linked to state/local water conservation, watershed, irrigation, rural water-supply or heritage programmes; verify scheme for each site.",Moderate,Channel/diversion,Low,84.9,54.6,Curated prototype / regional documentation,Prototype dataset - verify against primary source,https://commons.wikimedia.org/,"Starter/prototype record. Exact structure name, coordinates, condition, initiative and image should be verified from a primary source before academic publication.",India Water Portal traditional water-harvesting documentation; India Water Heritage Map; primary local/heritage records recommended for verification.,2,Cluster 2 - Very High Rainfall
IWMS102,Zabo - representative site 102,Zabo,Nagaland,25.63129,94.02764,Representative regional coordinate - VERIFY before publication,Humid mountain,2486,Mountain/lateritic,Runoff from forested hills collected and routed through ponds/fields,high rainfall; steep terrain; integrated farming,Agriculture / livestock,multi-use water; erosion control; reuse,Partially functional,Local body/department,"Documented restoration, desilting, repair, community revival or heritage conservation; site-specific action must be verified.","Potentially linked to state/local water conservation, watershed, irrigation, rural water-supply or heritage programmes; verify scheme for each site.",Low,Channel/diversion,Low,58.6,60.1,Curated prototype / regional documentation,Prototype dataset - verify against primary source,https://commons.wikimedia.org/,"Starter/prototype record. Exact structure name, coordinates, condition, initiative and image should be verified from a primary source before academic publication.",India Water Portal traditional water-harvesting documentation; India Water Heritage Map; primary local/heritage records recommended for verification.,2,Cluster 2 - Very High Rainfall
IWMS103,Bamboo Drip Irrigation - representative site 103,Bamboo Drip Irrigation,Meghalaya,25.5547,91.83347,Representative regional coordinate - VERIFY before publication,Humid mountain,1626,Mountain/lateritic,Bamboo channels convey small controlled flows from springs/streams,steep terrain; smallholder agriculture,Smallholder irrigation,low-cost; gravity-fed; precise delivery,Needs restoration,Heritage/site management,"Documented restoration, desilting, repair, community revival or heritage conservation; site-specific action must be verified.","Potentially linked to state/local water conservation, watershed, irrigation, rural water-supply or heritage programmes; verify scheme for each site.",Moderate,Underground,High,82.0,58.5,Curated prototype / regional documentation,Prototype dataset - verify against primary source,https://commons.wikimedia.org/,"Starter/prototype record. Exact structure name, coordinates, condition, initiative and image should be verified from a primary source before academic publication.",India Water Portal traditional water-harvesting documentation; India Water Heritage Map; primary local/heritage records recommended for verification.,2,Cluster 2 - Very High Rainfall
IWMS104,Kere - representative site 104,Kere,Karnataka,15.31315,75.73869,Representative regional coordinate - VERIFY before publication,Semi-arid/Monsoon,937,Red/black/alluvial,Village tank stores runoff for irrigation and recharge,seasonal rainfall; agriculture,Irrigation / recharge,storage; recharge; flood moderation,Partially functional,Community-managed,"Documented restoration, desilting, repair, community revival or heritage conservation; site-specific action must be verified.","Potentially linked to state/local water conservation, watershed, irrigation, rural water-supply or heritage programmes; verify scheme for each site.",Moderate,Channel/diversion,Low,81.0,67.9,Curated prototype / regional documentation,Prototype dataset - verify against primary source,https://commons.wikimedia.org/,"Starter/prototype record. Exact structure name, coordinates, condition, initiative and image should be verified from a primary source before academic publication.",India Water Portal traditional water-harvesting documentation; India Water Heritage Map; primary local/heritage records recommended for verification.,1,Cluster 1 - Moderate Rainfall
IWMS105,Kalyani - representative site 105,Kalyani,Karnataka,15.228,75.60088,Representative regional coordinate - VERIFY before publication,Semi-arid/Monsoon,669,Red/black/alluvial,Masonry temple tank stores rain/runoff and interacts with groundwater,temple/community use; seasonal water,Community/cultural water,storage; cultural use; recharge,Unknown,Community-managed,"Documented restoration, desilting, repair, community revival or heritage conservation; site-specific action must be verified.","Potentially linked to state/local water conservation, watershed, irrigation, rural water-supply or heritage programmes; verify scheme for each site.",Moderate,Integrated,Moderate,70.5,57.9,Curated prototype / regional documentation,Prototype dataset - verify against primary source,https://commons.wikimedia.org/,"Starter/prototype record. Exact structure name, coordinates, condition, initiative and image should be verified from a primary source before academic publication.",India Water Portal traditional water-harvesting documentation; India Water Heritage Map; primary local/heritage records recommended for verification.,1,Cluster 1 - Moderate Rainfall
IWMS106,Katta - representative site 106,Katta,Karnataka,15.28904,75.81785,Representative regional coordinate - VERIFY before publication,Semi-arid/Monsoon,926,Red/black/alluvial,Small check dam slows and stores stream/runoff,seasonal streams; agriculture,Irrigation / recharge,recharge; irrigation; low cost,Partially functional,Unknown,"Documented restoration, desilting, repair, community revival or heritage conservation; site-specific action must be verified.","Potentially linked to state/local water conservation, watershed, irrigation, rural water-supply or heritage programmes; verify scheme for each site.",Moderate,Channel/diversion,Unknown,92.6,68.1,Curated prototype / regional documentation,Prototype dataset - verify against primary source,https://commons.wikimedia.org/,"Starter/prototype record. Exact structure name, coordinates, condition, initiative and image should be verified from a primary source before academic publication.",India Water Portal traditional water-harvesting documentation; India Water Heritage Map; primary local/heritage records recommended for verification.,1,Cluster 1 - Moderate Rainfall
IWMS107,Eri - representative site 107,Eri,Tamil Nadu,11.07714,78.70567,Representative regional coordinate - VERIFY before publication,Semi-arid/Monsoon,761,Red/black/alluvial,Interconnected tank network stores monsoon runoff and releases it for irrigation,seasonal monsoon; agriculture,Irrigation / recharge,storage; recharge; flood moderation,Unknown,Local body/department,"Documented restoration, desilting, repair, community revival or heritage conservation; site-specific action must be verified.","Potentially linked to state/local water conservation, watershed, irrigation, rural water-supply or heritage programmes; verify scheme for each site.",Moderate,Surface,Low,76.8,67.0,Curated prototype / regional documentation,Prototype dataset - verify against primary source,https://commons.wikimedia.org/,"Starter/prototype record. Exact structure name, coordinates, condition, initiative and image should be verified from a primary source before academic publication.",India Water Portal traditional water-harvesting documentation; India Water Heritage Map; primary local/heritage records recommended for verification.,1,Cluster 1 - Moderate Rainfall
IWMS108,Oorani - representative site 108,Oorani,Tamil Nadu,11.24468,78.62608,Representative regional coordinate - VERIFY before publication,Semi-arid/Monsoon,853,Red/black/alluvial,Village pond collects and stores rainwater,drinking/community water needs,Drinking water / community use,local storage; recharge,Partially functional,Community-managed,"Documented restoration, desilting, repair, community revival or heritage conservation; site-specific action must be verified.","Potentially linked to state/local water conservation, watershed, irrigation, rural water-supply or heritage programmes; verify scheme for each site.",Moderate,Channel/diversion,High,81.5,71.6,Curated prototype / regional documentation,Prototype dataset - verify against primary source,https://commons.wikimedia.org/,"Starter/prototype record. Exact structure name, coordinates, condition, initiative and image should be verified from a primary source before academic publication.",India Water Portal traditional water-harvesting documentation; India Water Heritage Map; primary local/heritage records recommended for verification.,1,Cluster 1 - Moderate Rainfall
IWMS109,Surangam - representative site 109,Surangam,Kerala,10.88401,76.29332,Representative regional coordinate - VERIFY before publication,Humid lateritic,1843,Lateritic,Horizontal groundwater tunnel drains water by gravity,lateritic hills; spring/groundwater access,Domestic water / irrigation,gravity supply; low evaporation; low energy,Needs restoration,Local body/department,"Documented restoration, desilting, repair, community revival or heritage conservation; site-specific action must be verified.","Potentially linked to state/local water conservation, watershed, irrigation, rural water-supply or heritage programmes; verify scheme for each site.",Low,Integrated,Moderate,57.7,52.9,Curated prototype / regional documentation,Prototype dataset - verify against primary source,https://commons.wikimedia.org/,"Starter/prototype record. Exact structure name, coordinates, condition, initiative and image should be verified from a primary source before academic publication.",India Water Portal traditional water-harvesting documentation; India Water Heritage Map; primary local/heritage records recommended for verification.,3,Cluster 3 - Very High Rainfall
IWMS110,Korambu - representative site 110,Korambu,Kerala,10.91364,76.19972,Representative regional coordinate - VERIFY before publication,Humid monsoon,2242,Lateritic/alluvial,Temporary river-bank barrier diverts water toward fields,seasonal river flow; paddy farming,Paddy irrigation,low-cost diversion; irrigation,Needs restoration,Local body/department,"Documented restoration, desilting, repair, community revival or heritage conservation; site-specific action must be verified.","Potentially linked to state/local water conservation, watershed, irrigation, rural water-supply or heritage programmes; verify scheme for each site.",Low,Integrated,High,66.1,50.5,Curated prototype / regional documentation,Prototype dataset - verify against primary source,https://commons.wikimedia.org/,"Starter/prototype record. Exact structure name, coordinates, condition, initiative and image should be verified from a primary source before academic publication.",India Water Portal traditional water-harvesting documentation; India Water Heritage Map; primary local/heritage records recommended for verification.,3,Cluster 3 - Very High Rainfall
IWMS111,Phad - representative site 111,Phad,Maharashtra,19.86617,75.82701,Representative regional coordinate - VERIFY before publication,Semi-arid/Monsoon,926,Red/black/alluvial,Diversion weir and channel network distributes river water to farm blocks,seasonal rivers; community irrigation,Irrigation,gravity irrigation; shared allocation,Partially functional,Community-managed,"Documented restoration, desilting, repair, community revival or heritage conservation; site-specific action must be verified.","Potentially linked to state/local water conservation, watershed, irrigation, rural water-supply or heritage programmes; verify scheme for each site.",Moderate,Surface,Moderate,55.6,68.2,Curated prototype / regional documentation,Prototype dataset - verify against primary source,https://commons.wikimedia.org/,"Starter/prototype record. Exact structure name, coordinates, condition, initiative and image should be verified from a primary source before academic publication.",India Water Portal traditional water-harvesting documentation; India Water Heritage Map; primary local/heritage records recommended for verification.,6,Cluster 6 - Moderate Rainfall
IWMS112,Bhandara - representative site 112,Bhandara,Maharashtra,19.8196,75.6471,Representative regional coordinate - VERIFY before publication,Semi-arid/Monsoon,815,Red/black/alluvial,Low diversion structure raises/diverts river water,seasonal river flows; agriculture,Irrigation,simple diversion; gravity irrigation,Partially functional,Heritage/site management,"Documented restoration, desilting, repair, community revival or heritage conservation; site-specific action must be verified.","Potentially linked to state/local water conservation, watershed, irrigation, rural water-supply or heritage programmes; verify scheme for each site.",Low,Channel/diversion,High,84.8,50.4,Curated prototype / regional documentation,Prototype dataset - verify against primary source,https://commons.wikimedia.org/,"Starter/prototype record. Exact structure name, coordinates, condition, initiative and image should be verified from a primary source before academic publication.",India Water Portal traditional water-harvesting documentation; India Water Heritage Map; primary local/heritage records recommended for verification.,6,Cluster 6 - Moderate Rainfall
IWMS113,Ramtek Model - representative site 113,Ramtek Model,Maharashtra,19.7443,75.77672,Representative regional coordinate - VERIFY before publication,Semi-arid/Monsoon,912,Red/black/alluvial,Tank cascade/catchment management stores and transfers runoff,monsoon variability; agriculture,Irrigation / recharge,storage cascade; recharge; runoff control,Functional,Unknown,"Documented restoration, desilting, repair, community revival or heritage conservation; site-specific action must be verified.","Potentially linked to state/local water conservation, watershed, irrigation, rural water-supply or heritage programmes; verify scheme for each site.",High,Integrated,High,84.1,83.8,Curated prototype / regional documentation,Prototype dataset - verify against primary source,https://commons.wikimedia.org/,"Starter/prototype record. Exact structure name, coordinates, condition, initiative and image should be verified from a primary source before academic publication.",India Water Portal traditional water-harvesting documentation; India Water Heritage Map; primary local/heritage records recommended for verification.,6,Cluster 6 - Moderate Rainfall
IWMS114,Pat System - representative site 114,Pat System,Madhya Pradesh,23.3581,77.44814,Representative regional coordinate - VERIFY before publication,Semi-arid/Monsoon,804,Red/black/alluvial,Small diversion structures route streamwater through channels to fields,hilly terrain; seasonal streams,Irrigation,gravity irrigation; low energy,Functional,Community-managed,"Documented restoration, desilting, repair, community revival or heritage conservation; site-specific action must be verified.","Potentially linked to state/local water conservation, watershed, irrigation, rural water-supply or heritage programmes; verify scheme for each site.",Moderate,Channel/diversion,Unknown,82.4,81.0,Curated prototype / regional documentation,Prototype dataset - verify against primary source,https://commons.wikimedia.org/,"Starter/prototype record. Exact structure name, coordinates, condition, initiative and image should be verified from a primary source before academic publication.",India Water Portal traditional water-harvesting documentation; India Water Heritage Map; primary local/heritage records recommended for verification.,6,Cluster 6 - Moderate Rainfall
IWMS115,Chandela/Bundela Tank - representative site 115,Chandela/Bundela Tank,Madhya Pradesh,23.25766,77.50833,Representative regional coordinate - VERIFY before publication,Semi-arid/Monsoon,687,Red/black/alluvial,Large historic tanks capture monsoon runoff,Bundelkhand seasonality and agriculture,Irrigation / community water,storage; recharge; drought buffering,Needs restoration,Local body/department,"Documented restoration, desilting, repair, community revival or heritage conservation; site-specific action must be verified.","Potentially linked to state/local water conservation, watershed, irrigation, rural water-supply or heritage programmes; verify scheme for each site.",Low,Underground,Low,70.2,41.8,Curated prototype / regional documentation,Prototype dataset - verify against primary source,https://commons.wikimedia.org/,"Starter/prototype record. Exact structure name, coordinates, condition, initiative and image should be verified from a primary source before academic publication.",India Water Portal traditional water-harvesting documentation; India Water Heritage Map; primary local/heritage records recommended for verification.,6,Cluster 6 - Moderate Rainfall
IWMS116,Virda - representative site 116,Virda,Gujarat,22.28337,71.14078,Representative regional coordinate - VERIFY before publication,Arid/coastal,558,Sandy/saline,Freshwater lenses in sandy terrain are accessed through shallow pits,Kutch water scarcity and saline surroundings,Drinking water,local freshwater access; simple construction,Unknown,Community-managed,"Documented restoration, desilting, repair, community revival or heritage conservation; site-specific action must be verified.","Potentially linked to state/local water conservation, watershed, irrigation, rural water-supply or heritage programmes; verify scheme for each site.",High,Surface,Moderate,72.2,75.0,Curated prototype / regional documentation,Prototype dataset - verify against primary source,https://commons.wikimedia.org/,"Starter/prototype record. Exact structure name, coordinates, condition, initiative and image should be verified from a primary source before academic publication.",India Water Portal traditional water-harvesting documentation; India Water Heritage Map; primary local/heritage records recommended for verification.,0,Cluster 0 - Low Rainfall
IWMS117,Karez - representative site 117,Karez,Rajasthan,26.34314,72.97932,Representative regional coordinate - VERIFY before publication,Arid,461,Sandy/loamy,Underground gallery conveys groundwater by gravity,arid climate; evaporation reduction,Domestic water / irrigation,gravity supply; low evaporation,Unknown,Unknown,"Documented restoration, desilting, repair, community revival or heritage conservation; site-specific action must be verified.","Potentially linked to state/local water conservation, watershed, irrigation, rural water-supply or heritage programmes; verify scheme for each site.",Moderate,Underground,Unknown,67.5,65.5,Curated prototype / regional documentation,Prototype dataset - verify against primary source,https://commons.wikimedia.org/,"Starter/prototype record. Exact structure name, coordinates, condition, initiative and image should be verified from a primary source before academic publication.",India Water Portal traditional water-harvesting documentation; India Water Heritage Map; primary local/heritage records recommended for verification.,0,Cluster 0 - Low Rainfall
IWMS118,Zing - representative site 118,Zing,Ladakh,34.09117,77.68886,Representative regional coordinate - VERIFY before publication,Cold arid,140,Sandy/gravelly,Small storage collects seasonal glacial/snowmelt water,cold-arid agriculture dependent on meltwater,Agriculture / settlement water,seasonal storage; gravity distribution,Functional,Community-managed,"Documented restoration, desilting, repair, community revival or heritage conservation; site-specific action must be verified.","Potentially linked to state/local water conservation, watershed, irrigation, rural water-supply or heritage programmes; verify scheme for each site.",Low,Surface,Low,87.5,59.6,Curated prototype / regional documentation,Prototype dataset - verify against primary source,https://commons.wikimedia.org/,"Starter/prototype record. Exact structure name, coordinates, condition, initiative and image should be verified from a primary source before academic publication.",India Water Portal traditional water-harvesting documentation; India Water Heritage Map; primary local/heritage records recommended for verification.,7,Cluster 7 - Moderate Rainfall
IWMS119,Cheruvu - representative site 119,Cheruvu,Telangana/Andhra Pradesh,16.51353,80.67075,Representative regional coordinate - VERIFY before publication,Semi-arid/Monsoon,937,Red/black/alluvial,Village tank stores runoff for irrigation/recharge,seasonal rainfall; agriculture,Irrigation / recharge,storage; recharge; flood moderation,Needs restoration,Community-managed,"Documented restoration, desilting, repair, community revival or heritage conservation; site-specific action must be verified.","Potentially linked to state/local water conservation, watershed, irrigation, rural water-supply or heritage programmes; verify scheme for each site.",High,Channel/diversion,High,93.7,65.2,Curated prototype / regional documentation,Prototype dataset - verify against primary source,https://commons.wikimedia.org/,"Starter/prototype record. Exact structure name, coordinates, condition, initiative and image should be verified from a primary source before academic publication.",India Water Portal traditional water-harvesting documentation; India Water Heritage Map; primary local/heritage records recommended for verification.,1,Cluster 1 - Moderate Rainfall
IWMS120,Jackwell - representative site 120,Jackwell,Andaman & Nicobar,11.6941,92.7044,Representative regional coordinate - VERIFY before publication,Humid tropical,3091,Alluvial/lateritic,Tree/canopy runoff collected and conveyed to pits/wells,island settlements; heavy rainfall,Local water supply,simple collection; local supply,Partially functional,Local body/department,"Documented restoration, desilting, repair, community revival or heritage conservation; site-specific action must be verified.","Potentially linked to state/local water conservation, watershed, irrigation, rural water-supply or heritage programmes; verify scheme for each site.",High,Groundwater-linked,High,69.0,76.9,Curated prototype / regional documentation,Prototype dataset - verify against primary source,https://commons.wikimedia.org/,"Starter/prototype record. Exact structure name, coordinates, condition, initiative and image should be verified from a primary source before academic publication.",India Water Portal traditional water-harvesting documentation; India Water Heritage Map; primary local/heritage records recommended for verification.,4,Cluster 4 - Very High Rainfall
IWMS121,Stepwell - representative site 121,Stepwell,Rajasthan,26.2635,72.90757,Representative regional coordinate - VERIFY before publication,Semi-arid,592,Sandy/loamy,Groundwater access via deep stepped masonry; rainwater infiltration/storage,"community water supply, shade, social/religious use",Drinking water / community use,water access; passive cooling; durable structure,Partially functional,Unknown,"Documented restoration, desilting, repair, community revival or heritage conservation; site-specific action must be verified.","Potentially linked to state/local water conservation, watershed, irrigation, rural water-supply or heritage programmes; verify scheme for each site.",High,Integrated,High,79.4,79.1,Curated prototype / regional documentation,Prototype dataset - verify against primary source,https://commons.wikimedia.org/,"Starter/prototype record. Exact structure name, coordinates, condition, initiative and image should be verified from a primary source before academic publication.",India Water Portal traditional water-harvesting documentation; India Water Heritage Map; primary local/heritage records recommended for verification.,0,Cluster 0 - Low Rainfall
IWMS122,Johad - representative site 122,Johad,Rajasthan,26.28788,73.04643,Representative regional coordinate - VERIFY before publication,Arid/Semi-arid,414,Sandy/loamy,Earthen check dam captures monsoon runoff and promotes aquifer recharge,seasonal rainfall; livestock; agriculture; community water security,Groundwater recharge / livestock / agriculture,low cost; recharge; soil moisture; drought resilience,Needs restoration,Heritage/site management,"Documented restoration, desilting, repair, community revival or heritage conservation; site-specific action must be verified.","Potentially linked to state/local water conservation, watershed, irrigation, rural water-supply or heritage programmes; verify scheme for each site.",Low,Underground,High,62.3,52.1,Curated prototype / regional documentation,Prototype dataset - verify against primary source,https://commons.wikimedia.org/,"Starter/prototype record. Exact structure name, coordinates, condition, initiative and image should be verified from a primary source before academic publication.",India Water Portal traditional water-harvesting documentation; India Water Heritage Map; primary local/heritage records recommended for verification.,0,Cluster 0 - Low Rainfall
IWMS123,Khadin - representative site 123,Khadin,Rajasthan,26.16438,73.03776,Representative regional coordinate - VERIFY before publication,Arid,267,Sandy/loamy,Earthen bund retains runoff on agricultural land and conserves soil moisture,very low rainfall; dryland farming,Dryland agriculture,runoff harvesting; crop moisture; no pumping required,Functional,Community-managed,"Documented restoration, desilting, repair, community revival or heritage conservation; site-specific action must be verified.","Potentially linked to state/local water conservation, watershed, irrigation, rural water-supply or heritage programmes; verify scheme for each site.",Low,Groundwater-linked,Unknown,71.8,67.5,Curated prototype / regional documentation,Prototype dataset - verify against primary source,https://commons.wikimedia.org/,"Starter/prototype record. Exact structure name, coordinates, condition, initiative and image should be verified from a primary source before academic publication.",India Water Portal traditional water-harvesting documentation; India Water Heritage Map; primary local/heritage records recommended for verification.,0,Cluster 0 - Low Rainfall
IWMS124,Tanka - representative site 124,Tanka,Rajasthan,26.21182,72.96881,Representative regional coordinate - VERIFY before publication,Arid,434,Sandy/loamy,Roof/courtyard runoff stored in underground tank,scarce rainfall; potable-water security,Drinking water / household storage,low evaporation; household storage; dry-season supply,Functional,Community-managed,"Documented restoration, desilting, repair, community revival or heritage conservation; site-specific action must be verified.","Potentially linked to state/local water conservation, watershed, irrigation, rural water-supply or heritage programmes; verify scheme for each site.",Moderate,Integrated,High,82.0,70.9,Curated prototype / regional documentation,Prototype dataset - verify against primary source,https://commons.wikimedia.org/,"Starter/prototype record. Exact structure name, coordinates, condition, initiative and image should be verified from a primary source before academic publication.",India Water Portal traditional water-harvesting documentation; India Water Heritage Map; primary local/heritage records recommended for verification.,0,Cluster 0 - Low Rainfall
IWMS125,Kund - representative site 125,Kund,Rajasthan,26.1953,73.03887,Representative regional coordinate - VERIFY before publication,Arid,374,Sandy/loamy,Catchment runoff directed into lined storage depression,desert settlements; rainfall scarcity,Drinking water / storage,protected storage; efficient collection,Unknown,Unknown,"Documented restoration, desilting, repair, community revival or heritage conservation; site-specific action must be verified.","Potentially linked to state/local water conservation, watershed, irrigation, rural water-supply or heritage programmes; verify scheme for each site.",High,Integrated,High,68.8,68.8,Curated prototype / regional documentation,Prototype dataset - verify against primary source,https://commons.wikimedia.org/,"Starter/prototype record. Exact structure name, coordinates, condition, initiative and image should be verified from a primary source before academic publication.",India Water Portal traditional water-harvesting documentation; India Water Heritage Map; primary local/heritage records recommended for verification.,0,Cluster 0 - Low Rainfall
IWMS126,Nadi - representative site 126,Nadi,Rajasthan,26.15661,73.04277,Representative regional coordinate - VERIFY before publication,Arid,401,Sandy/loamy,Village depression/pond stores seasonal runoff,livestock and village water needs,Livestock / community water,simple storage; recharge; multiple uses,Needs restoration,Community-managed,"Documented restoration, desilting, repair, community revival or heritage conservation; site-specific action must be verified.","Potentially linked to state/local water conservation, watershed, irrigation, rural water-supply or heritage programmes; verify scheme for each site.",Moderate,Integrated,High,55.3,54.1,Curated prototype / regional documentation,Prototype dataset - verify against primary source,https://commons.wikimedia.org/,"Starter/prototype record. Exact structure name, coordinates, condition, initiative and image should be verified from a primary source before academic publication.",India Water Portal traditional water-harvesting documentation; India Water Heritage Map; primary local/heritage records recommended for verification.,0,Cluster 0 - Low Rainfall
IWMS127,Jhalara - representative site 127,Jhalara,Rajasthan,26.20234,72.9307,Representative regional coordinate - VERIFY before publication,Arid/Semi-arid,470,Sandy/loamy,Stepped masonry reservoir provides access to stored water/groundwater,community and cultural use in dry climate,Community water / cultural use,water access; shade; durable masonry,Needs restoration,Heritage/site management,"Documented restoration, desilting, repair, community revival or heritage conservation; site-specific action must be verified.","Potentially linked to state/local water conservation, watershed, irrigation, rural water-supply or heritage programmes; verify scheme for each site.",Moderate,Channel/diversion,Unknown,62.0,52.9,Curated prototype / regional documentation,Prototype dataset - verify against primary source,https://commons.wikimedia.org/,"Starter/prototype record. Exact structure name, coordinates, condition, initiative and image should be verified from a primary source before academic publication.",India Water Portal traditional water-harvesting documentation; India Water Heritage Map; primary local/heritage records recommended for verification.,0,Cluster 0 - Low Rainfall
IWMS128,Baoli/Baori - representative site 128,Baoli/Baori,Rajasthan,26.22125,73.04888,Representative regional coordinate - VERIFY before publication,Arid/Semi-arid,656,Sandy/loamy,Stepped well provides access to deep water,hot climate; settlement water supply,Drinking water / community use,storage/access; cooling; community use,Needs restoration,Community-managed,"Documented restoration, desilting, repair, community revival or heritage conservation; site-specific action must be verified.","Potentially linked to state/local water conservation, watershed, irrigation, rural water-supply or heritage programmes; verify scheme for each site.",High,Surface,Unknown,55.7,65.0,Curated prototype / regional documentation,Prototype dataset - verify against primary source,https://commons.wikimedia.org/,"Starter/prototype record. Exact structure name, coordinates, condition, initiative and image should be verified from a primary source before academic publication.",India Water Portal traditional water-harvesting documentation; India Water Heritage Map; primary local/heritage records recommended for verification.,0,Cluster 0 - Low Rainfall
IWMS129,Ahar-Pyne - representative site 129,Ahar-Pyne,Bihar,24.85108,85.08691,Representative regional coordinate - VERIFY before publication,Sub-humid monsoon,1194,Alluvial,Pynes divert floodwater into ahar storage basins and fields,seasonal floods and agriculture in South Bihar,Irrigation / floodwater management,flood management; irrigation; silt deposition,Unknown,Unknown,"Documented restoration, desilting, repair, community revival or heritage conservation; site-specific action must be verified.","Potentially linked to state/local water conservation, watershed, irrigation, rural water-supply or heritage programmes; verify scheme for each site.",Moderate,Channel/diversion,High,93.6,60.2,Curated prototype / regional documentation,Prototype dataset - verify against primary source,https://commons.wikimedia.org/,"Starter/prototype record. Exact structure name, coordinates, condition, initiative and image should be verified from a primary source before academic publication.",India Water Portal traditional water-harvesting documentation; India Water Heritage Map; primary local/heritage records recommended for verification.,5,Cluster 5 - High Rainfall
IWMS130,Kuhl - representative site 130,Kuhl,Himachal Pradesh,31.67125,77.25743,Representative regional coordinate - VERIFY before publication,Mountain,1371,Mountain/alluvial,Gravity channel diverts stream/snowmelt water to fields,mountain terrain; seasonal flows,Irrigation,gravity irrigation; low energy,Needs restoration,Community-managed,"Documented restoration, desilting, repair, community revival or heritage conservation; site-specific action must be verified.","Potentially linked to state/local water conservation, watershed, irrigation, rural water-supply or heritage programmes; verify scheme for each site.",High,Surface,Moderate,72.4,65.5,Curated prototype / regional documentation,Prototype dataset - verify against primary source,https://commons.wikimedia.org/,"Starter/prototype record. Exact structure name, coordinates, condition, initiative and image should be verified from a primary source before academic publication.",India Water Portal traditional water-harvesting documentation; India Water Heritage Map; primary local/heritage records recommended for verification.,7,Cluster 7 - Moderate Rainfall
IWMS131,Apatani - representative site 131,Apatani,Arunachal Pradesh,27.52611,93.71888,Representative regional coordinate - VERIFY before publication,Humid mountain,2391,Mountain/lateritic,Terraced fields regulate/reuse stream water for integrated agriculture,high rainfall; valley agriculture,Integrated agriculture,water efficiency; erosion control; integrated farming,Needs restoration,Local body/department,"Documented restoration, desilting, repair, community revival or heritage conservation; site-specific action must be verified.","Potentially linked to state/local water conservation, watershed, irrigation, rural water-supply or heritage programmes; verify scheme for each site.",Moderate,Groundwater-linked,High,75.4,55.5,Curated prototype / regional documentation,Prototype dataset - verify against primary source,https://commons.wikimedia.org/,"Starter/prototype record. Exact structure name, coordinates, condition, initiative and image should be verified from a primary source before academic publication.",India Water Portal traditional water-harvesting documentation; India Water Heritage Map; primary local/heritage records recommended for verification.,2,Cluster 2 - Very High Rainfall
IWMS132,Zabo - representative site 132,Zabo,Nagaland,25.57737,94.12239,Representative regional coordinate - VERIFY before publication,Humid mountain,2427,Mountain/lateritic,Runoff from forested hills collected and routed through ponds/fields,high rainfall; steep terrain; integrated farming,Agriculture / livestock,multi-use water; erosion control; reuse,Needs restoration,Local body/department,"Documented restoration, desilting, repair, community revival or heritage conservation; site-specific action must be verified.","Potentially linked to state/local water conservation, watershed, irrigation, rural water-supply or heritage programmes; verify scheme for each site.",Moderate,Groundwater-linked,Low,62.9,54.3,Curated prototype / regional documentation,Prototype dataset - verify against primary source,https://commons.wikimedia.org/,"Starter/prototype record. Exact structure name, coordinates, condition, initiative and image should be verified from a primary source before academic publication.",India Water Portal traditional water-harvesting documentation; India Water Heritage Map; primary local/heritage records recommended for verification.,2,Cluster 2 - Very High Rainfall
IWMS133,Bamboo Drip Irrigation - representative site 133,Bamboo Drip Irrigation,Meghalaya,25.60458,91.95245,Representative regional coordinate - VERIFY before publication,Humid mountain,2171,Mountain/lateritic,Bamboo channels convey small controlled flows from springs/streams,steep terrain; smallholder agriculture,Smallholder irrigation,low-cost; gravity-fed; precise delivery,Partially functional,Unknown,"Documented restoration, desilting, repair, community revival or heritage conservation; site-specific action must be verified.","Potentially linked to state/local water conservation, watershed, irrigation, rural water-supply or heritage programmes; verify scheme for each site.",Low,Integrated,Unknown,82.2,55.3,Curated prototype / regional documentation,Prototype dataset - verify against primary source,https://commons.wikimedia.org/,"Starter/prototype record. Exact structure name, coordinates, condition, initiative and image should be verified from a primary source before academic publication.",India Water Portal traditional water-harvesting documentation; India Water Heritage Map; primary local/heritage records recommended for verification.,2,Cluster 2 - Very High Rainfall
IWMS134,Kere - representative site 134,Kere,Karnataka,15.41169,75.74432,Representative regional coordinate - VERIFY before publication,Semi-arid/Monsoon,815,Red/black/alluvial,Village tank stores runoff for irrigation and recharge,seasonal rainfall; agriculture,Irrigation / recharge,storage; recharge; flood moderation,Needs restoration,Local body/department,"Documented restoration, desilting, repair, community revival or heritage conservation; site-specific action must be verified.","Potentially linked to state/local water conservation, watershed, irrigation, rural water-supply or heritage programmes; verify scheme for each site.",High,Channel/diversion,Unknown,80.3,65.5,Curated prototype / regional documentation,Prototype dataset - verify against primary source,https://commons.wikimedia.org/,"Starter/prototype record. Exact structure name, coordinates, condition, initiative and image should be verified from a primary source before academic publication.",India Water Portal traditional water-harvesting documentation; India Water Heritage Map; primary local/heritage records recommended for verification.,1,Cluster 1 - Moderate Rainfall
IWMS135,Kalyani - representative site 135,Kalyani,Karnataka,15.39112,75.73194,Representative regional coordinate - VERIFY before publication,Semi-arid/Monsoon,830,Red/black/alluvial,Masonry temple tank stores rain/runoff and interacts with groundwater,temple/community use; seasonal water,Community/cultural water,storage; cultural use; recharge,Functional,Heritage/site management,"Documented restoration, desilting, repair, community revival or heritage conservation; site-specific action must be verified.","Potentially linked to state/local water conservation, watershed, irrigation, rural water-supply or heritage programmes; verify scheme for each site.",High,Surface,High,69.7,83.3,Curated prototype / regional documentation,Prototype dataset - verify against primary source,https://commons.wikimedia.org/,"Starter/prototype record. Exact structure name, coordinates, condition, initiative and image should be verified from a primary source before academic publication.",India Water Portal traditional water-harvesting documentation; India Water Heritage Map; primary local/heritage records recommended for verification.,1,Cluster 1 - Moderate Rainfall
IWMS136,Katta - representative site 136,Katta,Karnataka,15.2689,75.74472,Representative regional coordinate - VERIFY before publication,Semi-arid/Monsoon,696,Red/black/alluvial,Small check dam slows and stores stream/runoff,seasonal streams; agriculture,Irrigation / recharge,recharge; irrigation; low cost,Unknown,Unknown,"Documented restoration, desilting, repair, community revival or heritage conservation; site-specific action must be verified.","Potentially linked to state/local water conservation, watershed, irrigation, rural water-supply or heritage programmes; verify scheme for each site.",High,Surface,Unknown,91.4,72.5,Curated prototype / regional documentation,Prototype dataset - verify against primary source,https://commons.wikimedia.org/,"Starter/prototype record. Exact structure name, coordinates, condition, initiative and image should be verified from a primary source before academic publication.",India Water Portal traditional water-harvesting documentation; India Water Heritage Map; primary local/heritage records recommended for verification.,1,Cluster 1 - Moderate Rainfall
IWMS137,Eri - representative site 137,Eri,Tamil Nadu,11.1472,78.58518,Representative regional coordinate - VERIFY before publication,Semi-arid/Monsoon,893,Red/black/alluvial,Interconnected tank network stores monsoon runoff and releases it for irrigation,seasonal monsoon; agriculture,Irrigation / recharge,storage; recharge; flood moderation,Partially functional,Community-managed,"Documented restoration, desilting, repair, community revival or heritage conservation; site-specific action must be verified.","Potentially linked to state/local water conservation, watershed, irrigation, rural water-supply or heritage programmes; verify scheme for each site.",High,Underground,High,75.2,74.4,Curated prototype / regional documentation,Prototype dataset - verify against primary source,https://commons.wikimedia.org/,"Starter/prototype record. Exact structure name, coordinates, condition, initiative and image should be verified from a primary source before academic publication.",India Water Portal traditional water-harvesting documentation; India Water Heritage Map; primary local/heritage records recommended for verification.,1,Cluster 1 - Moderate Rainfall
IWMS138,Oorani - representative site 138,Oorani,Tamil Nadu,11.05141,78.59946,Representative regional coordinate - VERIFY before publication,Semi-arid/Monsoon,874,Red/black/alluvial,Village pond collects and stores rainwater,drinking/community water needs,Drinking water / community use,local storage; recharge,Partially functional,Heritage/site management,"Documented restoration, desilting, repair, community revival or heritage conservation; site-specific action must be verified.","Potentially linked to state/local water conservation, watershed, irrigation, rural water-supply or heritage programmes; verify scheme for each site.",Moderate,Underground,Unknown,71.4,64.7,Curated prototype / regional documentation,Prototype dataset - verify against primary source,https://commons.wikimedia.org/,"Starter/prototype record. Exact structure name, coordinates, condition, initiative and image should be verified from a primary source before academic publication.",India Water Portal traditional water-harvesting documentation; India Water Heritage Map; primary local/heritage records recommended for verification.,1,Cluster 1 - Moderate Rainfall
IWMS139,Surangam - representative site 139,Surangam,Kerala,10.81121,76.29349,Representative regional coordinate - VERIFY before publication,Humid lateritic,2485,Lateritic,Horizontal groundwater tunnel drains water by gravity,lateritic hills; spring/groundwater access,Domestic water / irrigation,gravity supply; low evaporation; low energy,Needs restoration,Community-managed,"Documented restoration, desilting, repair, community revival or heritage conservation; site-specific action must be verified.","Potentially linked to state/local water conservation, watershed, irrigation, rural water-supply or heritage programmes; verify scheme for each site.",Low,Channel/diversion,Low,65.1,47.7,Curated prototype / regional documentation,Prototype dataset - verify against primary source,https://commons.wikimedia.org/,"Starter/prototype record. Exact structure name, coordinates, condition, initiative and image should be verified from a primary source before academic publication.",India Water Portal traditional water-harvesting documentation; India Water Heritage Map; primary local/heritage records recommended for verification.,3,Cluster 3 - Very High Rainfall
IWMS140,Korambu - representative site 140,Korambu,Kerala,10.93438,76.38146,Representative regional coordinate - VERIFY before publication,Humid monsoon,2107,Lateritic/alluvial,Temporary river-bank barrier diverts water toward fields,seasonal river flow; paddy farming,Paddy irrigation,low-cost diversion; irrigation,Functional,Local body/department,"Documented restoration, desilting, repair, community revival or heritage conservation; site-specific action must be verified.","Potentially linked to state/local water conservation, watershed, irrigation, rural water-supply or heritage programmes; verify scheme for each site.",Moderate,Underground,Unknown,60.2,80.0,Curated prototype / regional documentation,Prototype dataset - verify against primary source,https://commons.wikimedia.org/,"Starter/prototype record. Exact structure name, coordinates, condition, initiative and image should be verified from a primary source before academic publication.",India Water Portal traditional water-harvesting documentation; India Water Heritage Map; primary local/heritage records recommended for verification.,3,Cluster 3 - Very High Rainfall
IWMS141,Phad - representative site 141,Phad,Maharashtra,19.80012,75.61033,Representative regional coordinate - VERIFY before publication,Semi-arid/Monsoon,936,Red/black/alluvial,Diversion weir and channel network distributes river water to farm blocks,seasonal rivers; community irrigation,Irrigation,gravity irrigation; shared allocation,Needs restoration,Local body/department,"Documented restoration, desilting, repair, community revival or heritage conservation; site-specific action must be verified.","Potentially linked to state/local water conservation, watershed, irrigation, rural water-supply or heritage programmes; verify scheme for each site.",Moderate,Integrated,High,80.8,59.5,Curated prototype / regional documentation,Prototype dataset - verify against primary source,https://commons.wikimedia.org/,"Starter/prototype record. Exact structure name, coordinates, condition, initiative and image should be verified from a primary source before academic publication.",India Water Portal traditional water-harvesting documentation; India Water Heritage Map; primary local/heritage records recommended for verification.,6,Cluster 6 - Moderate Rainfall
IWMS142,Bhandara - representative site 142,Bhandara,Maharashtra,19.73162,75.67684,Representative regional coordinate - VERIFY before publication,Semi-arid/Monsoon,835,Red/black/alluvial,Low diversion structure raises/diverts river water,seasonal river flows; agriculture,Irrigation,simple diversion; gravity irrigation,Partially functional,Local body/department,"Documented restoration, desilting, repair, community revival or heritage conservation; site-specific action must be verified.","Potentially linked to state/local water conservation, watershed, irrigation, rural water-supply or heritage programmes; verify scheme for each site.",Moderate,Channel/diversion,Moderate,64.1,64.4,Curated prototype / regional documentation,Prototype dataset - verify against primary source,https://commons.wikimedia.org/,"Starter/prototype record. Exact structure name, coordinates, condition, initiative and image should be verified from a primary source before academic publication.",India Water Portal traditional water-harvesting documentation; India Water Heritage Map; primary local/heritage records recommended for verification.,6,Cluster 6 - Moderate Rainfall
IWMS143,Ramtek Model - representative site 143,Ramtek Model,Maharashtra,19.66302,75.60852,Representative regional coordinate - VERIFY before publication,Semi-arid/Monsoon,701,Red/black/alluvial,Tank cascade/catchment management stores and transfers runoff,monsoon variability; agriculture,Irrigation / recharge,storage cascade; recharge; runoff control,Functional,Heritage/site management,"Documented restoration, desilting, repair, community revival or heritage conservation; site-specific action must be verified.","Potentially linked to state/local water conservation, watershed, irrigation, rural water-supply or heritage programmes; verify scheme for each site.",High,Integrated,Moderate,78.9,88.3,Curated prototype / regional documentation,Prototype dataset - verify against primary source,https://commons.wikimedia.org/,"Starter/prototype record. Exact structure name, coordinates, condition, initiative and image should be verified from a primary source before academic publication.",India Water Portal traditional water-harvesting documentation; India Water Heritage Map; primary local/heritage records recommended for verification.,6,Cluster 6 - Moderate Rainfall
IWMS144,Pat System - representative site 144,Pat System,Madhya Pradesh,23.17702,77.3334,Representative regional coordinate - VERIFY before publication,Semi-arid/Monsoon,734,Red/black/alluvial,Small diversion structures route streamwater through channels to fields,hilly terrain; seasonal streams,Irrigation,gravity irrigation; low energy,Unknown,Community-managed,"Documented restoration, desilting, repair, community revival or heritage conservation; site-specific action must be verified.","Potentially linked to state/local water conservation, watershed, irrigation, rural water-supply or heritage programmes; verify scheme for each site.",High,Groundwater-linked,Unknown,79.4,70.4,Curated prototype / regional documentation,Prototype dataset - verify against primary source,https://commons.wikimedia.org/,"Starter/prototype record. Exact structure name, coordinates, condition, initiative and image should be verified from a primary source before academic publication.",India Water Portal traditional water-harvesting documentation; India Water Heritage Map; primary local/heritage records recommended for verification.,6,Cluster 6 - Moderate Rainfall
IWMS145,Chandela/Bundela Tank - representative site 145,Chandela/Bundela Tank,Madhya Pradesh,23.32057,77.47811,Representative regional coordinate - VERIFY before publication,Semi-arid/Monsoon,769,Red/black/alluvial,Large historic tanks capture monsoon runoff,Bundelkhand seasonality and agriculture,Irrigation / community water,storage; recharge; drought buffering,Partially functional,Heritage/site management,"Documented restoration, desilting, repair, community revival or heritage conservation; site-specific action must be verified.","Potentially linked to state/local water conservation, watershed, irrigation, rural water-supply or heritage programmes; verify scheme for each site.",High,Channel/diversion,Moderate,69.7,80.6,Curated prototype / regional documentation,Prototype dataset - verify against primary source,https://commons.wikimedia.org/,"Starter/prototype record. Exact structure name, coordinates, condition, initiative and image should be verified from a primary source before academic publication.",India Water Portal traditional water-harvesting documentation; India Water Heritage Map; primary local/heritage records recommended for verification.,6,Cluster 6 - Moderate Rainfall
IWMS146,Virda - representative site 146,Virda,Gujarat,22.36731,71.30627,Representative regional coordinate - VERIFY before publication,Arid/coastal,536,Sandy/saline,Freshwater lenses in sandy terrain are accessed through shallow pits,Kutch water scarcity and saline surroundings,Drinking water,local freshwater access; simple construction,Unknown,Unknown,"Documented restoration, desilting, repair, community revival or heritage conservation; site-specific action must be verified.","Potentially linked to state/local water conservation, watershed, irrigation, rural water-supply or heritage programmes; verify scheme for each site.",Moderate,Groundwater-linked,Moderate,89.9,68.3,Curated prototype / regional documentation,Prototype dataset - verify against primary source,https://commons.wikimedia.org/,"Starter/prototype record. Exact structure name, coordinates, condition, initiative and image should be verified from a primary source before academic publication.",India Water Portal traditional water-harvesting documentation; India Water Heritage Map; primary local/heritage records recommended for verification.,0,Cluster 0 - Low Rainfall
IWMS147,Karez - representative site 147,Karez,Rajasthan,26.14252,72.99534,Representative regional coordinate - VERIFY before publication,Arid,345,Sandy/loamy,Underground gallery conveys groundwater by gravity,arid climate; evaporation reduction,Domestic water / irrigation,gravity supply; low evaporation,Functional,Community-managed,"Documented restoration, desilting, repair, community revival or heritage conservation; site-specific action must be verified.","Potentially linked to state/local water conservation, watershed, irrigation, rural water-supply or heritage programmes; verify scheme for each site.",High,Groundwater-linked,Low,73.0,81.2,Curated prototype / regional documentation,Prototype dataset - verify against primary source,https://commons.wikimedia.org/,"Starter/prototype record. Exact structure name, coordinates, condition, initiative and image should be verified from a primary source before academic publication.",India Water Portal traditional water-harvesting documentation; India Water Heritage Map; primary local/heritage records recommended for verification.,0,Cluster 0 - Low Rainfall
IWMS148,Zing - representative site 148,Zing,Ladakh,34.1532,77.65945,Representative regional coordinate - VERIFY before publication,Cold arid,91,Sandy/gravelly,Small storage collects seasonal glacial/snowmelt water,cold-arid agriculture dependent on meltwater,Agriculture / settlement water,seasonal storage; gravity distribution,Unknown,Heritage/site management,"Documented restoration, desilting, repair, community revival or heritage conservation; site-specific action must be verified.","Potentially linked to state/local water conservation, watershed, irrigation, rural water-supply or heritage programmes; verify scheme for each site.",Low,Channel/diversion,High,70.9,57.4,Curated prototype / regional documentation,Prototype dataset - verify against primary source,https://commons.wikimedia.org/,"Starter/prototype record. Exact structure name, coordinates, condition, initiative and image should be verified from a primary source before academic publication.",India Water Portal traditional water-harvesting documentation; India Water Heritage Map; primary local/heritage records recommended for verification.,7,Cluster 7 - Moderate Rainfall
IWMS149,Cheruvu - representative site 149,Cheruvu,Telangana/Andhra Pradesh,16.46975,80.62268,Representative regional coordinate - VERIFY before publication,Semi-arid/Monsoon,691,Red/black/alluvial,Village tank stores runoff for irrigation/recharge,seasonal rainfall; agriculture,Irrigation / recharge,storage; recharge; flood moderation,Partially functional,Community-managed,"Documented restoration, desilting, repair, community revival or heritage conservation; site-specific action must be verified.","Potentially linked to state/local water conservation, watershed, irrigation, rural water-supply or heritage programmes; verify scheme for each site.",Moderate,Surface,Low,86.7,64.1,Curated prototype / regional documentation,Prototype dataset - verify against primary source,https://commons.wikimedia.org/,"Starter/prototype record. Exact structure name, coordinates, condition, initiative and image should be verified from a primary source before academic publication.",India Water Portal traditional water-harvesting documentation; India Water Heritage Map; primary local/heritage records recommended for verification.,1,Cluster 1 - Moderate Rainfall
IWMS150,Jackwell - representative site 150,Jackwell,Andaman & Nicobar,11.58302,92.68885,Representative regional coordinate - VERIFY before publication,Humid tropical,3349,Alluvial/lateritic,Tree/canopy runoff collected and conveyed to pits/wells,island settlements; heavy rainfall,Local water supply,simple collection; local supply,Partially functional,Unknown,"Documented restoration, desilting, repair, community revival or heritage conservation; site-specific action must be verified.","Potentially linked to state/local water conservation, watershed, irrigation, rural water-supply or heritage programmes; verify scheme for each site.",Moderate,Surface,High,55.8,65.6,Curated prototype / regional documentation,Prototype dataset - verify against primary source,https://commons.wikimedia.org/,"Starter/prototype record. Exact structure name, coordinates, condition, initiative and image should be verified from a primary source before academic publication.",India Water Portal traditional water-harvesting documentation; India Water Heritage Map; primary local/heritage records recommended for verification.,4,Cluster 4 - Very High Rainfall
